block_id	category	covered_by
aether:crystal_fruit_leaves	leaves	minecraft:leaves
aether:crystal_leaves	leaves	minecraft:leaves
aether:decorated_holiday_leaves	leaves	minecraft:leaves
aether:golden_oak_leaves	leaves	minecraft:leaves
aether:golden_oak_log	logs_that_burn	minecraft:logs_that_burn,minecraft:logs
aether:golden_oak_wood	logs_that_burn	minecraft:logs_that_burn,minecraft:logs
aether:holiday_leaves	leaves	minecraft:leaves
aether:skyroot_door	wooden_doors	minecraft:wooden_doors
aether:skyroot_fence	wooden_fences	minecraft:wooden_fences
aether:skyroot_fence_gate	fence_gates	minecraft:fence_gates
aether:skyroot_leaves	leaves	minecraft:leaves
aether:skyroot_log	logs_that_burn	minecraft:logs_that_burn,minecraft:logs
aether:skyroot_slab	wooden_slabs	minecraft:wooden_slabs
aether:skyroot_stairs	wooden_stairs	minecraft:wooden_stairs
aether:skyroot_trapdoor	wooden_trapdoors	minecraft:wooden_trapdoors
aether:skyroot_wood	logs_that_burn	minecraft:logs_that_burn,minecraft:logs
aether:stripped_skyroot_log	logs_that_burn	minecraft:logs_that_burn,minecraft:logs
aether:stripped_skyroot_log	stripped_logs	minecraft:logs_that_burn,minecraft:logs
aether:stripped_skyroot_wood	logs_that_burn	minecraft:logs_that_burn,minecraft:logs
aether:stripped_skyroot_wood	stripped_wood	minecraft:logs_that_burn,minecraft:logs
ars_nouveau:archwood_door	wooden_doors	minecraft:wooden_doors
ars_nouveau:archwood_fence	wooden_fences	minecraft:wooden_fences
ars_nouveau:archwood_fence_gate	fence_gates	minecraft:fence_gates
ars_nouveau:archwood_planks	planks	minecraft:planks
ars_nouveau:archwood_slab	wooden_slabs	minecraft:wooden_slabs
ars_nouveau:archwood_stairs	wooden_stairs	minecraft:wooden_stairs
ars_nouveau:archwood_trapdoor	wooden_trapdoors	minecraft:wooden_trapdoors
ars_nouveau:blue_archwood_leaves	leaves	minecraft:leaves
ars_nouveau:blue_archwood_log	logs_that_burn	minecraft:logs_that_burn,minecraft:logs
ars_nouveau:blue_archwood_wood	logs_that_burn	minecraft:logs_that_burn,minecraft:logs
ars_nouveau:green_archwood_leaves	leaves	minecraft:leaves
ars_nouveau:green_archwood_log	logs_that_burn	minecraft:logs_that_burn,minecraft:logs
ars_nouveau:green_archwood_wood	logs_that_burn	minecraft:logs_that_burn,minecraft:logs
ars_nouveau:magebloom_crop	plants_will_burn	other_burnt_checked_tag
ars_nouveau:magebloom_crop	crops	minecraft:crops
ars_nouveau:purple_archwood_leaves	leaves	minecraft:leaves
ars_nouveau:purple_archwood_log	logs_that_burn	minecraft:logs_that_burn,minecraft:logs
ars_nouveau:purple_archwood_wood	logs_that_burn	minecraft:logs_that_burn,minecraft:logs
ars_nouveau:red_archwood_leaves	leaves	minecraft:leaves
ars_nouveau:red_archwood_log	logs_that_burn	minecraft:logs_that_burn,minecraft:logs
ars_nouveau:red_archwood_wood	logs_that_burn	minecraft:logs_that_burn,minecraft:logs
ars_nouveau:stripped_blue_archwood_log	logs_that_burn	minecraft:logs_that_burn,minecraft:logs
ars_nouveau:stripped_blue_archwood_log	stripped_logs	minecraft:logs_that_burn,minecraft:logs
ars_nouveau:stripped_blue_archwood_wood	logs_that_burn	minecraft:logs_that_burn,minecraft:logs
ars_nouveau:stripped_blue_archwood_wood	stripped_wood	minecraft:logs_that_burn,minecraft:logs
ars_nouveau:stripped_green_archwood_log	logs_that_burn	minecraft:logs_that_burn,minecraft:logs
ars_nouveau:stripped_green_archwood_log	stripped_logs	minecraft:logs_that_burn,minecraft:logs
ars_nouveau:stripped_green_archwood_wood	logs_that_burn	minecraft:logs_that_burn,minecraft:logs
ars_nouveau:stripped_green_archwood_wood	stripped_wood	minecraft:logs_that_burn,minecraft:logs
ars_nouveau:stripped_purple_archwood_log	logs_that_burn	minecraft:logs_that_burn,minecraft:logs
ars_nouveau:stripped_purple_archwood_log	stripped_logs	minecraft:logs_that_burn,minecraft:logs
ars_nouveau:stripped_purple_archwood_wood	logs_that_burn	minecraft:logs_that_burn,minecraft:logs
ars_nouveau:stripped_purple_archwood_wood	stripped_wood	minecraft:logs_that_burn,minecraft:logs
ars_nouveau:stripped_red_archwood_log	logs_that_burn	minecraft:logs_that_burn,minecraft:logs
ars_nouveau:stripped_red_archwood_log	stripped_logs	minecraft:logs_that_burn,minecraft:logs
ars_nouveau:stripped_red_archwood_wood	logs_that_burn	minecraft:logs_that_burn,minecraft:logs
ars_nouveau:stripped_red_archwood_wood	stripped_wood	minecraft:logs_that_burn,minecraft:logs
blue_skies:bluebright_door	wooden_doors	minecraft:wooden_doors
blue_skies:bluebright_fence	wooden_fences	minecraft:wooden_fences
blue_skies:bluebright_fence_gate	fence_gates	minecraft:fence_gates
blue_skies:bluebright_leaves	leaves	minecraft:leaves
blue_skies:bluebright_log	logs_that_burn	minecraft:logs_that_burn,minecraft:logs
blue_skies:bluebright_planks	planks	minecraft:planks
blue_skies:bluebright_slab	wooden_slabs	minecraft:wooden_slabs
blue_skies:bluebright_stairs	wooden_stairs	minecraft:wooden_stairs
blue_skies:bluebright_trapdoor	wooden_trapdoors	minecraft:wooden_trapdoors
blue_skies:bluebright_wood	logs_that_burn	minecraft:logs_that_burn,minecraft:logs
blue_skies:comet_door	wooden_doors	minecraft:wooden_doors
blue_skies:comet_fence	wooden_fences	minecraft:wooden_fences
blue_skies:comet_fence_gate	fence_gates	minecraft:fence_gates
blue_skies:comet_leaves	leaves	minecraft:leaves
blue_skies:comet_log	logs_that_burn	minecraft:logs_that_burn,minecraft:logs
blue_skies:comet_planks	planks	minecraft:planks
blue_skies:comet_slab	wooden_slabs	minecraft:wooden_slabs
blue_skies:comet_stairs	wooden_stairs	minecraft:wooden_stairs
blue_skies:comet_trapdoor	wooden_trapdoors	minecraft:wooden_trapdoors
blue_skies:comet_wood	logs_that_burn	minecraft:logs_that_burn,minecraft:logs
blue_skies:crescent_fruit_leaves	leaves	minecraft:leaves
blue_skies:cryo_roots	plants_will_burn	other_burnt_checked_tag
blue_skies:crystallized_door	wooden_doors	minecraft:wooden_doors
blue_skies:crystallized_leaves	leaves	minecraft:leaves
blue_skies:crystallized_log	logs_that_burn	minecraft:logs
blue_skies:crystallized_wood	logs_that_burn	minecraft:logs
blue_skies:dusk_door	wooden_doors	minecraft:wooden_doors
blue_skies:dusk_fence	wooden_fences	minecraft:wooden_fences
blue_skies:dusk_fence_gate	fence_gates	minecraft:fence_gates
blue_skies:dusk_leaves	leaves	minecraft:leaves
blue_skies:dusk_log	logs_that_burn	minecraft:logs_that_burn,minecraft:logs
blue_skies:dusk_planks	planks	minecraft:planks
blue_skies:dusk_slab	wooden_slabs	minecraft:wooden_slabs
blue_skies:dusk_stairs	wooden_stairs	minecraft:wooden_stairs
blue_skies:dusk_trapdoor	wooden_trapdoors	minecraft:wooden_trapdoors
blue_skies:dusk_wood	logs_that_burn	minecraft:logs_that_burn,minecraft:logs
blue_skies:fiery_beans	crops	minecraft:crops
blue_skies:frostbright_door	wooden_doors	minecraft:wooden_doors
blue_skies:frostbright_fence	wooden_fences	minecraft:wooden_fences
blue_skies:frostbright_fence_gate	fence_gates	minecraft:fence_gates
blue_skies:frostbright_leaves	leaves	minecraft:leaves
blue_skies:frostbright_log	logs_that_burn	minecraft:logs_that_burn,minecraft:logs
blue_skies:frostbright_planks	planks	minecraft:planks
blue_skies:frostbright_slab	wooden_slabs	minecraft:wooden_slabs
blue_skies:frostbright_stairs	wooden_stairs	minecraft:wooden_stairs
blue_skies:frostbright_trapdoor	wooden_trapdoors	minecraft:wooden_trapdoors
blue_skies:frostbright_wood	logs_that_burn	minecraft:logs_that_burn,minecraft:logs
blue_skies:lunar_door	wooden_doors	minecraft:wooden_doors
blue_skies:lunar_fence	wooden_fences	minecraft:wooden_fences
blue_skies:lunar_fence_gate	fence_gates	minecraft:fence_gates
blue_skies:lunar_leaves	leaves	minecraft:leaves
blue_skies:lunar_log	logs_that_burn	minecraft:logs_that_burn,minecraft:logs
blue_skies:lunar_planks	planks	minecraft:planks
blue_skies:lunar_slab	wooden_slabs	minecraft:wooden_slabs
blue_skies:lunar_stairs	wooden_stairs	minecraft:wooden_stairs
blue_skies:lunar_trapdoor	wooden_trapdoors	minecraft:wooden_trapdoors
blue_skies:lunar_wood	logs_that_burn	minecraft:logs_that_burn,minecraft:logs
blue_skies:maple_door	wooden_doors	minecraft:wooden_doors
blue_skies:maple_fence	wooden_fences	minecraft:wooden_fences
blue_skies:maple_fence_gate	fence_gates	minecraft:fence_gates
blue_skies:maple_leaves	leaves	minecraft:leaves
blue_skies:maple_log	logs_that_burn	minecraft:logs_that_burn,minecraft:logs
blue_skies:maple_planks	planks	minecraft:planks
blue_skies:maple_slab	wooden_slabs	minecraft:wooden_slabs
blue_skies:maple_stairs	wooden_stairs	minecraft:wooden_stairs
blue_skies:maple_trapdoor	wooden_trapdoors	minecraft:wooden_trapdoors
blue_skies:maple_wood	logs_that_burn	minecraft:logs_that_burn,minecraft:logs
blue_skies:starlit_door	wooden_doors	minecraft:wooden_doors
blue_skies:starlit_fence	wooden_fences	minecraft:wooden_fences
blue_skies:starlit_fence_gate	fence_gates	minecraft:fence_gates
blue_skies:starlit_leaves	leaves	minecraft:leaves
blue_skies:starlit_log	logs_that_burn	minecraft:logs_that_burn,minecraft:logs
blue_skies:starlit_planks	planks	minecraft:planks
blue_skies:starlit_slab	wooden_slabs	minecraft:wooden_slabs
blue_skies:starlit_stairs	wooden_stairs	minecraft:wooden_stairs
blue_skies:starlit_trapdoor	wooden_trapdoors	minecraft:wooden_trapdoors
blue_skies:starlit_wood	logs_that_burn	minecraft:logs_that_burn,minecraft:logs
blue_skies:stripped_bluebright_log	logs_that_burn	minecraft:logs_that_burn,minecraft:logs
blue_skies:stripped_bluebright_log	stripped_logs	minecraft:logs_that_burn,minecraft:logs
blue_skies:stripped_bluebright_wood	logs_that_burn	minecraft:logs_that_burn,minecraft:logs
blue_skies:stripped_bluebright_wood	stripped_wood	minecraft:logs_that_burn,minecraft:logs
blue_skies:stripped_comet_log	logs_that_burn	minecraft:logs_that_burn,minecraft:logs
blue_skies:stripped_comet_log	stripped_logs	minecraft:logs_that_burn,minecraft:logs
blue_skies:stripped_comet_wood	logs_that_burn	minecraft:logs_that_burn,minecraft:logs
blue_skies:stripped_comet_wood	stripped_wood	minecraft:logs_that_burn,minecraft:logs
blue_skies:stripped_dusk_log	logs_that_burn	minecraft:logs_that_burn,minecraft:logs
blue_skies:stripped_dusk_log	stripped_logs	minecraft:logs_that_burn,minecraft:logs
blue_skies:stripped_dusk_wood	logs_that_burn	minecraft:logs_that_burn,minecraft:logs
blue_skies:stripped_dusk_wood	stripped_wood	minecraft:logs_that_burn,minecraft:logs
blue_skies:stripped_frostbright_log	logs_that_burn	minecraft:logs_that_burn,minecraft:logs
blue_skies:stripped_frostbright_log	stripped_logs	minecraft:logs_that_burn,minecraft:logs
blue_skies:stripped_frostbright_wood	logs_that_burn	minecraft:logs_that_burn,minecraft:logs
blue_skies:stripped_frostbright_wood	stripped_wood	minecraft:logs_that_burn,minecraft:logs
blue_skies:stripped_lunar_log	logs_that_burn	minecraft:logs_that_burn,minecraft:logs
blue_skies:stripped_lunar_log	stripped_logs	minecraft:logs_that_burn,minecraft:logs
blue_skies:stripped_lunar_wood	logs_that_burn	minecraft:logs_that_burn,minecraft:logs
blue_skies:stripped_lunar_wood	stripped_wood	minecraft:logs_that_burn,minecraft:logs
blue_skies:stripped_maple_log	logs_that_burn	minecraft:logs_that_burn,minecraft:logs
blue_skies:stripped_maple_log	stripped_logs	minecraft:logs_that_burn,minecraft:logs
blue_skies:stripped_maple_wood	logs_that_burn	minecraft:logs_that_burn,minecraft:logs
blue_skies:stripped_maple_wood	stripped_wood	minecraft:logs_that_burn,minecraft:logs
blue_skies:stripped_starlit_log	logs_that_burn	minecraft:logs_that_burn,minecraft:logs
blue_skies:stripped_starlit_log	stripped_logs	minecraft:logs_that_burn,minecraft:logs
blue_skies:stripped_starlit_wood	logs_that_burn	minecraft:logs_that_burn,minecraft:logs
blue_skies:stripped_starlit_wood	stripped_wood	minecraft:logs_that_burn,minecraft:logs
blue_skies:winter_leaves	leaves	other_burnt_checked_tag
create:andesite_door	wooden_doors	minecraft:wooden_doors
create:brass_door	wooden_doors	minecraft:wooden_doors
create:copper_door	wooden_doors	minecraft:wooden_doors
create:framed_glass_door	wooden_doors	minecraft:wooden_doors
create:train_door	wooden_doors	minecraft:wooden_doors
deeperdarker:bloom_door	wooden_doors	minecraft:wooden_doors
deeperdarker:bloom_fence	wooden_fences	minecraft:wooden_fences
deeperdarker:bloom_fence_gate	fence_gates	minecraft:fence_gates
deeperdarker:bloom_planks	planks	minecraft:planks
deeperdarker:bloom_slab	wooden_slabs	minecraft:wooden_slabs
deeperdarker:bloom_stairs	wooden_stairs	minecraft:wooden_stairs
deeperdarker:bloom_trapdoor	wooden_trapdoors	minecraft:wooden_trapdoors
deeperdarker:echo_door	wooden_doors	minecraft:wooden_doors
deeperdarker:echo_fence	wooden_fences	minecraft:wooden_fences
deeperdarker:echo_fence_gate	fence_gates	minecraft:fence_gates
deeperdarker:echo_leaves	leaves	minecraft:leaves
deeperdarker:echo_log	logs_that_burn	minecraft:logs_that_burn,minecraft:logs
deeperdarker:echo_planks	planks	minecraft:planks
deeperdarker:echo_slab	wooden_slabs	minecraft:wooden_slabs
deeperdarker:echo_stairs	wooden_stairs	minecraft:wooden_stairs
deeperdarker:echo_trapdoor	wooden_trapdoors	minecraft:wooden_trapdoors
deeperdarker:echo_wood	logs_that_burn	minecraft:logs_that_burn,minecraft:logs
deeperdarker:stripped_echo_log	logs_that_burn	minecraft:logs_that_burn,minecraft:logs
deeperdarker:stripped_echo_log	stripped_logs	minecraft:logs_that_burn,minecraft:logs
deeperdarker:stripped_echo_wood	logs_that_burn	minecraft:logs_that_burn,minecraft:logs
deeperdarker:stripped_echo_wood	stripped_wood	minecraft:logs_that_burn,minecraft:logs
dtarsnouveau:blue_archwood_branch	logs_that_burn	minecraft:logs_that_burn,minecraft:logs
dtarsnouveau:blue_archwood_leaves	leaves	minecraft:leaves
dtarsnouveau:green_archwood_branch	logs_that_burn	minecraft:logs_that_burn,minecraft:logs
dtarsnouveau:green_archwood_leaves	leaves	minecraft:leaves
dtarsnouveau:purple_archwood_branch	logs_that_burn	minecraft:logs_that_burn,minecraft:logs
dtarsnouveau:purple_archwood_leaves	leaves	minecraft:leaves
dtarsnouveau:red_archwood_branch	logs_that_burn	minecraft:logs_that_burn,minecraft:logs
dtarsnouveau:red_archwood_leaves	leaves	minecraft:leaves
dtarsnouveau:stripped_blue_archwood_branch	logs_that_burn	minecraft:logs_that_burn,minecraft:logs
dtarsnouveau:stripped_green_archwood_branch	logs_that_burn	minecraft:logs_that_burn,minecraft:logs
dtarsnouveau:stripped_purple_archwood_branch	logs_that_burn	minecraft:logs_that_burn,minecraft:logs
dtarsnouveau:stripped_red_archwood_branch	logs_that_burn	minecraft:logs_that_burn,minecraft:logs
dtarsnouveau:stripped_yellow_archwood_branch	logs_that_burn	minecraft:logs_that_burn,minecraft:logs
dtarsnouveau:yellow_archwood_branch	logs_that_burn	minecraft:logs_that_burn,minecraft:logs
dtarsnouveau:yellow_archwood_leaves	leaves	minecraft:leaves
dtnatures_spirit:aspen_branch	logs_that_burn	minecraft:logs_that_burn,minecraft:logs
dtnatures_spirit:aspen_leaves	leaves	minecraft:leaves
dtnatures_spirit:blue_wisteria_leaves	leaves	minecraft:leaves
dtnatures_spirit:cedar_branch	logs_that_burn	minecraft:logs_that_burn,minecraft:logs
dtnatures_spirit:cedar_leaves	leaves	minecraft:leaves
dtnatures_spirit:coconut_branch	logs_that_burn	minecraft:logs_that_burn,minecraft:logs
dtnatures_spirit:coconut_leaves	leaves	minecraft:leaves
dtnatures_spirit:cypress_branch	logs_that_burn	minecraft:logs_that_burn,minecraft:logs
dtnatures_spirit:cypress_leaves	leaves	minecraft:leaves
dtnatures_spirit:fir_branch	logs_that_burn	minecraft:logs_that_burn,minecraft:logs
dtnatures_spirit:fir_leaves	leaves	minecraft:leaves
dtnatures_spirit:frosty_fir_leaves	leaves	minecraft:leaves
dtnatures_spirit:frosty_redwood_leaves	leaves	minecraft:leaves
dtnatures_spirit:ghaf_branch	logs_that_burn	minecraft:logs_that_burn,minecraft:logs
dtnatures_spirit:ghaf_leaves	leaves	minecraft:leaves
dtnatures_spirit:joshua_branch	logs_that_burn	minecraft:logs_that_burn,minecraft:logs
dtnatures_spirit:joshua_leaves	leaves	minecraft:leaves
dtnatures_spirit:larch_branch	logs_that_burn	minecraft:logs_that_burn,minecraft:logs
dtnatures_spirit:larch_leaves	leaves	minecraft:leaves
dtnatures_spirit:mahogany_branch	logs_that_burn	minecraft:logs_that_burn,minecraft:logs
dtnatures_spirit:mahogany_leaves	leaves	minecraft:leaves
dtnatures_spirit:maple_branch	logs_that_burn	minecraft:logs_that_burn,minecraft:logs
dtnatures_spirit:olive_branch	logs_that_burn	minecraft:logs_that_burn,minecraft:logs
dtnatures_spirit:olive_leaves	leaves	minecraft:leaves
dtnatures_spirit:orange_maple_leaves	leaves	minecraft:leaves
dtnatures_spirit:palo_verde_branch	logs_that_burn	minecraft:logs_that_burn,minecraft:logs
dtnatures_spirit:palo_verde_leaves	leaves	minecraft:leaves
dtnatures_spirit:part_blue_wisteria_leaves	leaves	minecraft:leaves
dtnatures_spirit:part_pink_wisteria_leaves	leaves	minecraft:leaves
dtnatures_spirit:part_purple_wisteria_leaves	leaves	minecraft:leaves
dtnatures_spirit:part_white_wisteria_leaves	leaves	minecraft:leaves
dtnatures_spirit:pink_wisteria_leaves	leaves	minecraft:leaves
dtnatures_spirit:purple_wisteria_leaves	leaves	minecraft:leaves
dtnatures_spirit:red_maple_leaves	leaves	minecraft:leaves
dtnatures_spirit:redwood_branch	logs_that_burn	minecraft:logs_that_burn,minecraft:logs
dtnatures_spirit:redwood_leaves	leaves	minecraft:leaves
dtnatures_spirit:saxaul_branch	logs_that_burn	minecraft:logs_that_burn,minecraft:logs
dtnatures_spirit:saxaul_leaves	leaves	minecraft:leaves
dtnatures_spirit:stripped_aspen_branch	logs_that_burn	minecraft:logs_that_burn,minecraft:logs
dtnatures_spirit:stripped_cedar_branch	logs_that_burn	minecraft:logs_that_burn,minecraft:logs
dtnatures_spirit:stripped_coconut_branch	logs_that_burn	minecraft:logs_that_burn,minecraft:logs
dtnatures_spirit:stripped_cypress_branch	logs_that_burn	minecraft:logs_that_burn,minecraft:logs
dtnatures_spirit:stripped_fir_branch	logs_that_burn	minecraft:logs_that_burn,minecraft:logs
dtnatures_spirit:stripped_ghaf_branch	logs_that_burn	minecraft:logs_that_burn,minecraft:logs
dtnatures_spirit:stripped_joshua_branch	logs_that_burn	minecraft:logs_that_burn,minecraft:logs
dtnatures_spirit:stripped_larch_branch	logs_that_burn	minecraft:logs_that_burn,minecraft:logs
dtnatures_spirit:stripped_mahogany_branch	logs_that_burn	minecraft:logs_that_burn,minecraft:logs
dtnatures_spirit:stripped_maple_branch	logs_that_burn	minecraft:logs_that_burn,minecraft:logs
dtnatures_spirit:stripped_olive_branch	logs_that_burn	minecraft:logs_that_burn,minecraft:logs
dtnatures_spirit:stripped_palo_verde_branch	logs_that_burn	minecraft:logs_that_burn,minecraft:logs
dtnatures_spirit:stripped_redwood_branch	logs_that_burn	minecraft:logs_that_burn,minecraft:logs
dtnatures_spirit:stripped_saxaul_branch	logs_that_burn	minecraft:logs_that_burn,minecraft:logs
dtnatures_spirit:stripped_sugi_branch	logs_that_burn	minecraft:logs_that_burn,minecraft:logs
dtnatures_spirit:stripped_willow_branch	logs_that_burn	minecraft:logs_that_burn,minecraft:logs
dtnatures_spirit:stripped_wisteria_branch	logs_that_burn	minecraft:logs_that_burn,minecraft:logs
dtnatures_spirit:sugi_branch	logs_that_burn	minecraft:logs_that_burn,minecraft:logs
dtnatures_spirit:sugi_leaves	leaves	minecraft:leaves
dtnatures_spirit:white_wisteria_leaves	leaves	minecraft:leaves
dtnatures_spirit:willow_branch	logs_that_burn	minecraft:logs_that_burn,minecraft:logs
dtnatures_spirit:willow_leaves	leaves	minecraft:leaves
dtnatures_spirit:wisteria_branch	logs_that_burn	minecraft:logs_that_burn,minecraft:logs
dtnatures_spirit:wisteria_leaves	leaves	minecraft:leaves
dtnatures_spirit:yellow_maple_leaves	leaves	minecraft:leaves
dtquark:ancient_branch	logs_that_burn	minecraft:logs_that_burn,minecraft:logs
dtquark:ancient_leaves	leaves	minecraft:leaves
dtquark:azalea_branch	logs_that_burn	minecraft:logs_that_burn,minecraft:logs
dtquark:blossom_branch	logs_that_burn	minecraft:logs_that_burn,minecraft:logs
dtquark:fiery_blossom_leaves	leaves	minecraft:leaves
dtquark:frosty_blossom_leaves	leaves	minecraft:leaves
dtquark:glow_shroom_branch	logs_that_burn	minecraft:logs
dtquark:serene_blossom_leaves	leaves	minecraft:leaves
dtquark:stripped_ancient_branch	logs_that_burn	minecraft:logs_that_burn,minecraft:logs
dtquark:stripped_azalea_branch	logs_that_burn	minecraft:logs_that_burn,minecraft:logs
dtquark:stripped_blossom_branch	logs_that_burn	minecraft:logs_that_burn,minecraft:logs
dtquark:sunny_blossom_leaves	leaves	minecraft:leaves
dtquark:warm_blossom_leaves	leaves	minecraft:leaves
dynamictrees:acacia_branch	logs_that_burn	minecraft:logs_that_burn,minecraft:logs
dynamictrees:acacia_leaves	leaves	minecraft:leaves
dynamictrees:azalea_leaves	leaves	minecraft:leaves
dynamictrees:birch_branch	logs_that_burn	minecraft:logs_that_burn,minecraft:logs
dynamictrees:birch_leaves	leaves	minecraft:leaves
dynamictrees:cherry_branch	logs_that_burn	minecraft:logs_that_burn,minecraft:logs
dynamictrees:cherry_leaves	leaves	minecraft:leaves
dynamictrees:crimson_branch	logs_that_burn	minecraft:logs
dynamictrees:dark_oak_branch	logs_that_burn	minecraft:logs_that_burn,minecraft:logs
dynamictrees:dark_oak_leaves	leaves	minecraft:leaves
dynamictrees:flowering_azalea_leaves	leaves	minecraft:leaves
dynamictrees:jungle_branch	logs_that_burn	minecraft:logs_that_burn,minecraft:logs
dynamictrees:jungle_leaves	leaves	minecraft:leaves
dynamictrees:jungle_undergrowth_leaves	leaves	minecraft:leaves
dynamictrees:mangrove_branch	logs_that_burn	minecraft:logs_that_burn,minecraft:logs
dynamictrees:mangrove_leaves	leaves	minecraft:leaves
dynamictrees:oak_branch	logs_that_burn	minecraft:logs_that_burn,minecraft:logs
dynamictrees:oak_leaves	leaves	minecraft:leaves
dynamictrees:oak_undergrowth_leaves	leaves	minecraft:leaves
dynamictrees:spruce_branch	logs_that_burn	minecraft:logs_that_burn,minecraft:logs
dynamictrees:spruce_leaves	leaves	minecraft:leaves
dynamictrees:stripped_acacia_branch	logs_that_burn	minecraft:logs_that_burn,minecraft:logs
dynamictrees:stripped_birch_branch	logs_that_burn	minecraft:logs_that_burn,minecraft:logs
dynamictrees:stripped_cherry_branch	logs_that_burn	minecraft:logs_that_burn,minecraft:logs
dynamictrees:stripped_dark_oak_branch	logs_that_burn	minecraft:logs_that_burn,minecraft:logs
dynamictrees:stripped_jungle_branch	logs_that_burn	minecraft:logs_that_burn,minecraft:logs
dynamictrees:stripped_mangrove_branch	logs_that_burn	minecraft:logs_that_burn,minecraft:logs
dynamictrees:stripped_oak_branch	logs_that_burn	minecraft:logs_that_burn,minecraft:logs
dynamictrees:stripped_spruce_branch	logs_that_burn	minecraft:logs_that_burn,minecraft:logs
dynamictrees:warped_branch	logs_that_burn	minecraft:logs
dynamictreesplus:cactus_branch	logs_that_burn	minecraft:logs_that_burn,minecraft:logs
dynamictreesplus:mushroom_branch	logs_that_burn	minecraft:logs
farmersdelight:budding_tomatoes	crops	minecraft:crops
farmersdelight:cabbages	crops	minecraft:crops
farmersdelight:onions	crops	minecraft:crops
farmersdelight:rice_panicles	crops	minecraft:crops
farmersdelight:rope_fence_gate	fence_gates	minecraft:fence_gates
farmersdelight:tomatoes	crops	minecraft:crops
farmersdelight:tomatoes_on_rope	crops	minecraft:crops
immersive_weathering:charred_fence	wooden_fences	minecraft:wooden_fences
immersive_weathering:charred_fence_gate	fence_gates	minecraft:fence_gates
natures_spirit:aspen_door	wooden_doors	minecraft:wooden_doors
natures_spirit:aspen_fence	wooden_fences	minecraft:wooden_fences
natures_spirit:aspen_fence_gate	fence_gates	minecraft:fence_gates
natures_spirit:aspen_leaves	leaves	minecraft:leaves
natures_spirit:aspen_log	logs_that_burn	minecraft:logs_that_burn,minecraft:logs
natures_spirit:aspen_planks	planks	minecraft:planks
natures_spirit:aspen_slab	wooden_slabs	minecraft:wooden_slabs
natures_spirit:aspen_stairs	wooden_stairs	minecraft:wooden_stairs
natures_spirit:aspen_trapdoor	wooden_trapdoors	minecraft:wooden_trapdoors
natures_spirit:aspen_wood	logs_that_burn	minecraft:logs_that_burn,minecraft:logs
natures_spirit:blooming_paper_door	wooden_doors	minecraft:wooden_doors
natures_spirit:blooming_paper_trapdoor	wooden_trapdoors	minecraft:wooden_trapdoors
natures_spirit:blue_wisteria_leaves	leaves	minecraft:leaves
natures_spirit:cedar_door	wooden_doors	minecraft:wooden_doors
natures_spirit:cedar_fence	wooden_fences	minecraft:wooden_fences
natures_spirit:cedar_fence_gate	fence_gates	minecraft:fence_gates
natures_spirit:cedar_leaves	leaves	minecraft:leaves
natures_spirit:cedar_log	logs_that_burn	minecraft:logs_that_burn,minecraft:logs
natures_spirit:cedar_planks	planks	minecraft:planks
natures_spirit:cedar_slab	wooden_slabs	minecraft:wooden_slabs
natures_spirit:cedar_stairs	wooden_stairs	minecraft:wooden_stairs
natures_spirit:cedar_trapdoor	wooden_trapdoors	minecraft:wooden_trapdoors
natures_spirit:cedar_wood	logs_that_burn	minecraft:logs_that_burn,minecraft:logs
natures_spirit:coconut_door	wooden_doors	minecraft:wooden_doors
natures_spirit:coconut_fence	wooden_fences	minecraft:wooden_fences
natures_spirit:coconut_fence_gate	fence_gates	minecraft:fence_gates
natures_spirit:coconut_leaves	leaves	minecraft:leaves
natures_spirit:coconut_log	logs_that_burn	minecraft:logs_that_burn,minecraft:logs
natures_spirit:coconut_planks	planks	minecraft:planks
natures_spirit:coconut_slab	wooden_slabs	minecraft:wooden_slabs
natures_spirit:coconut_stairs	wooden_stairs	minecraft:wooden_stairs
natures_spirit:coconut_trapdoor	wooden_trapdoors	minecraft:wooden_trapdoors
natures_spirit:coconut_wood	logs_that_burn	minecraft:logs_that_burn,minecraft:logs
natures_spirit:cypress_door	wooden_doors	minecraft:wooden_doors
natures_spirit:cypress_fence	wooden_fences	minecraft:wooden_fences
natures_spirit:cypress_fence_gate	fence_gates	minecraft:fence_gates
natures_spirit:cypress_leaves	leaves	minecraft:leaves
natures_spirit:cypress_log	logs_that_burn	minecraft:logs_that_burn,minecraft:logs
natures_spirit:cypress_planks	planks	minecraft:planks
natures_spirit:cypress_slab	wooden_slabs	minecraft:wooden_slabs
natures_spirit:cypress_stairs	wooden_stairs	minecraft:wooden_stairs
natures_spirit:cypress_trapdoor	wooden_trapdoors	minecraft:wooden_trapdoors
natures_spirit:cypress_wood	logs_that_burn	minecraft:logs_that_burn,minecraft:logs
natures_spirit:desert_turnip_stem	logs_that_burn	other_burnt_checked_tag
natures_spirit:fir_door	wooden_doors	minecraft:wooden_doors
natures_spirit:fir_fence	wooden_fences	minecraft:wooden_fences
natures_spirit:fir_fence_gate	fence_gates	minecraft:fence_gates
natures_spirit:fir_leaves	leaves	minecraft:leaves
natures_spirit:fir_log	logs_that_burn	minecraft:logs_that_burn,minecraft:logs
natures_spirit:fir_planks	planks	minecraft:planks
natures_spirit:fir_slab	wooden_slabs	minecraft:wooden_slabs
natures_spirit:fir_stairs	wooden_stairs	minecraft:wooden_stairs
natures_spirit:fir_trapdoor	wooden_trapdoors	minecraft:wooden_trapdoors
natures_spirit:fir_wood	logs_that_burn	minecraft:logs_that_burn,minecraft:logs
natures_spirit:framed_paper_door	wooden_doors	minecraft:wooden_doors
natures_spirit:framed_paper_trapdoor	wooden_trapdoors	minecraft:wooden_trapdoors
natures_spirit:frosty_fir_leaves	leaves	minecraft:leaves
natures_spirit:frosty_redwood_leaves	leaves	minecraft:leaves
natures_spirit:ghaf_door	wooden_doors	minecraft:wooden_doors
natures_spirit:ghaf_fence	wooden_fences	minecraft:wooden_fences
natures_spirit:ghaf_fence_gate	fence_gates	minecraft:fence_gates
natures_spirit:ghaf_leaves	leaves	minecraft:leaves
natures_spirit:ghaf_log	logs_that_burn	minecraft:logs_that_burn,minecraft:logs
natures_spirit:ghaf_planks	planks	minecraft:planks
natures_spirit:ghaf_slab	wooden_slabs	minecraft:wooden_slabs
natures_spirit:ghaf_stairs	wooden_stairs	minecraft:wooden_stairs
natures_spirit:ghaf_trapdoor	wooden_trapdoors	minecraft:wooden_trapdoors
natures_spirit:ghaf_wood	logs_that_burn	minecraft:logs_that_burn,minecraft:logs
natures_spirit:joshua_door	wooden_doors	minecraft:wooden_doors
natures_spirit:joshua_fence	wooden_fences	minecraft:wooden_fences
natures_spirit:joshua_fence_gate	fence_gates	minecraft:fence_gates
natures_spirit:joshua_leaves	leaves	minecraft:leaves
natures_spirit:joshua_log	logs_that_burn	minecraft:logs_that_burn,minecraft:logs
natures_spirit:joshua_planks	planks	minecraft:planks
natures_spirit:joshua_slab	wooden_slabs	minecraft:wooden_slabs
natures_spirit:joshua_stairs	wooden_stairs	minecraft:wooden_stairs
natures_spirit:joshua_trapdoor	wooden_trapdoors	minecraft:wooden_trapdoors
natures_spirit:larch_door	wooden_doors	minecraft:wooden_doors
natures_spirit:larch_fence	wooden_fences	minecraft:wooden_fences
natures_spirit:larch_fence_gate	fence_gates	minecraft:fence_gates
natures_spirit:larch_leaves	leaves	minecraft:leaves
natures_spirit:larch_log	logs_that_burn	minecraft:logs_that_burn,minecraft:logs
natures_spirit:larch_planks	planks	minecraft:planks
natures_spirit:larch_slab	wooden_slabs	minecraft:wooden_slabs
natures_spirit:larch_stairs	wooden_stairs	minecraft:wooden_stairs
natures_spirit:larch_trapdoor	wooden_trapdoors	minecraft:wooden_trapdoors
natures_spirit:larch_wood	logs_that_burn	minecraft:logs_that_burn,minecraft:logs
natures_spirit:mahogany_door	wooden_doors	minecraft:wooden_doors
natures_spirit:mahogany_fence	wooden_fences	minecraft:wooden_fences
natures_spirit:mahogany_fence_gate	fence_gates	minecraft:fence_gates
natures_spirit:mahogany_leaves	leaves	minecraft:leaves
natures_spirit:mahogany_log	logs_that_burn	minecraft:logs_that_burn,minecraft:logs
natures_spirit:mahogany_planks	planks	minecraft:planks
natures_spirit:mahogany_slab	wooden_slabs	minecraft:wooden_slabs
natures_spirit:mahogany_stairs	wooden_stairs	minecraft:wooden_stairs
natures_spirit:mahogany_trapdoor	wooden_trapdoors	minecraft:wooden_trapdoors
natures_spirit:mahogany_wood	logs_that_burn	minecraft:logs_that_burn,minecraft:logs
natures_spirit:maple_door	wooden_doors	minecraft:wooden_doors
natures_spirit:maple_fence	wooden_fences	minecraft:wooden_fences
natures_spirit:maple_fence_gate	fence_gates	minecraft:fence_gates
natures_spirit:maple_log	logs_that_burn	minecraft:logs_that_burn,minecraft:logs
natures_spirit:maple_planks	planks	minecraft:planks
natures_spirit:maple_slab	wooden_slabs	minecraft:wooden_slabs
natures_spirit:maple_stairs	wooden_stairs	minecraft:wooden_stairs
natures_spirit:maple_trapdoor	wooden_trapdoors	minecraft:wooden_trapdoors
natures_spirit:maple_wood	logs_that_burn	minecraft:logs_that_burn,minecraft:logs
natures_spirit:olive_door	wooden_doors	minecraft:wooden_doors
natures_spirit:olive_fence	wooden_fences	minecraft:wooden_fences
natures_spirit:olive_fence_gate	fence_gates	minecraft:fence_gates
natures_spirit:olive_leaves	leaves	minecraft:leaves
natures_spirit:olive_log	logs_that_burn	minecraft:logs_that_burn,minecraft:logs
natures_spirit:olive_planks	planks	minecraft:planks
natures_spirit:olive_slab	wooden_slabs	minecraft:wooden_slabs
natures_spirit:olive_stairs	wooden_stairs	minecraft:wooden_stairs
natures_spirit:olive_trapdoor	wooden_trapdoors	minecraft:wooden_trapdoors
natures_spirit:olive_wood	logs_that_burn	minecraft:logs_that_burn,minecraft:logs
natures_spirit:orange_maple_leaves	leaves	minecraft:leaves
natures_spirit:palo_verde_door	wooden_doors	minecraft:wooden_doors
natures_spirit:palo_verde_fence	wooden_fences	minecraft:wooden_fences
natures_spirit:palo_verde_fence_gate	fence_gates	minecraft:fence_gates
natures_spirit:palo_verde_leaves	leaves	minecraft:leaves
natures_spirit:palo_verde_log	logs_that_burn	minecraft:logs_that_burn,minecraft:logs
natures_spirit:palo_verde_planks	planks	minecraft:planks
natures_spirit:palo_verde_slab	wooden_slabs	minecraft:wooden_slabs
natures_spirit:palo_verde_stairs	wooden_stairs	minecraft:wooden_stairs
natures_spirit:palo_verde_trapdoor	wooden_trapdoors	minecraft:wooden_trapdoors
natures_spirit:palo_verde_wood	logs_that_burn	minecraft:logs_that_burn,minecraft:logs
natures_spirit:paper_door	wooden_doors	minecraft:wooden_doors
natures_spirit:paper_trapdoor	wooden_trapdoors	minecraft:wooden_trapdoors
natures_spirit:part_blue_wisteria_leaves	leaves	minecraft:leaves
natures_spirit:part_pink_wisteria_leaves	leaves	minecraft:leaves
natures_spirit:part_purple_wisteria_leaves	leaves	minecraft:leaves
natures_spirit:part_white_wisteria_leaves	leaves	minecraft:leaves
natures_spirit:pink_wisteria_leaves	leaves	minecraft:leaves
natures_spirit:purple_wisteria_leaves	leaves	minecraft:leaves
natures_spirit:red_maple_leaves	leaves	minecraft:leaves
natures_spirit:redwood_door	wooden_doors	minecraft:wooden_doors
natures_spirit:redwood_fence	wooden_fences	minecraft:wooden_fences
natures_spirit:redwood_fence_gate	fence_gates	minecraft:fence_gates
natures_spirit:redwood_leaves	leaves	minecraft:leaves
natures_spirit:redwood_log	logs_that_burn	minecraft:logs_that_burn,minecraft:logs
natures_spirit:redwood_planks	planks	minecraft:planks
natures_spirit:redwood_slab	wooden_slabs	minecraft:wooden_slabs
natures_spirit:redwood_stairs	wooden_stairs	minecraft:wooden_stairs
natures_spirit:redwood_trapdoor	wooden_trapdoors	minecraft:wooden_trapdoors
natures_spirit:redwood_wood	logs_that_burn	minecraft:logs_that_burn,minecraft:logs
natures_spirit:saxaul_door	wooden_doors	minecraft:wooden_doors
natures_spirit:saxaul_fence	wooden_fences	minecraft:wooden_fences
natures_spirit:saxaul_fence_gate	fence_gates	minecraft:fence_gates
natures_spirit:saxaul_leaves	leaves	minecraft:leaves
natures_spirit:saxaul_log	logs_that_burn	minecraft:logs_that_burn,minecraft:logs
natures_spirit:saxaul_planks	planks	minecraft:planks
natures_spirit:saxaul_slab	wooden_slabs	minecraft:wooden_slabs
natures_spirit:saxaul_stairs	wooden_stairs	minecraft:wooden_stairs
natures_spirit:saxaul_trapdoor	wooden_trapdoors	minecraft:wooden_trapdoors
natures_spirit:saxaul_wood	logs_that_burn	minecraft:logs_that_burn,minecraft:logs
natures_spirit:stripped_aspen_log	logs_that_burn	minecraft:logs_that_burn,minecraft:logs
natures_spirit:stripped_aspen_log	stripped_logs	forge:stripped_logs,minecraft:logs_that_burn,minecraft:logs
natures_spirit:stripped_aspen_wood	logs_that_burn	minecraft:logs_that_burn,minecraft:logs
natures_spirit:stripped_aspen_wood	stripped_wood	forge:stripped_wood,minecraft:logs_that_burn,minecraft:logs
natures_spirit:stripped_cedar_log	logs_that_burn	minecraft:logs_that_burn,minecraft:logs
natures_spirit:stripped_cedar_log	stripped_logs	forge:stripped_logs,minecraft:logs_that_burn,minecraft:logs
natures_spirit:stripped_cedar_wood	logs_that_burn	minecraft:logs_that_burn,minecraft:logs
natures_spirit:stripped_cedar_wood	stripped_wood	forge:stripped_wood,minecraft:logs_that_burn,minecraft:logs
natures_spirit:stripped_coconut_log	logs_that_burn	minecraft:logs_that_burn,minecraft:logs
natures_spirit:stripped_coconut_log	stripped_logs	forge:stripped_logs,minecraft:logs_that_burn,minecraft:logs
natures_spirit:stripped_coconut_wood	logs_that_burn	minecraft:logs_that_burn,minecraft:logs
natures_spirit:stripped_coconut_wood	stripped_wood	forge:stripped_wood,minecraft:logs_that_burn,minecraft:logs
natures_spirit:stripped_cypress_log	logs_that_burn	minecraft:logs_that_burn,minecraft:logs
natures_spirit:stripped_cypress_log	stripped_logs	forge:stripped_logs,minecraft:logs_that_burn,minecraft:logs
natures_spirit:stripped_cypress_wood	logs_that_burn	minecraft:logs_that_burn,minecraft:logs
natures_spirit:stripped_cypress_wood	stripped_wood	forge:stripped_wood,minecraft:logs_that_burn,minecraft:logs
natures_spirit:stripped_fir_log	logs_that_burn	minecraft:logs_that_burn,minecraft:logs
natures_spirit:stripped_fir_log	stripped_logs	forge:stripped_logs,minecraft:logs_that_burn,minecraft:logs
natures_spirit:stripped_fir_wood	logs_that_burn	minecraft:logs_that_burn,minecraft:logs
natures_spirit:stripped_fir_wood	stripped_wood	forge:stripped_wood,minecraft:logs_that_burn,minecraft:logs
natures_spirit:stripped_ghaf_log	logs_that_burn	minecraft:logs_that_burn,minecraft:logs
natures_spirit:stripped_ghaf_log	stripped_logs	forge:stripped_logs,minecraft:logs_that_burn,minecraft:logs
natures_spirit:stripped_ghaf_wood	logs_that_burn	minecraft:logs_that_burn,minecraft:logs
natures_spirit:stripped_ghaf_wood	stripped_wood	forge:stripped_wood,minecraft:logs_that_burn,minecraft:logs
natures_spirit:stripped_joshua_log	logs_that_burn	minecraft:logs_that_burn,minecraft:logs
natures_spirit:stripped_joshua_log	stripped_logs	forge:stripped_logs,minecraft:logs_that_burn,minecraft:logs
natures_spirit:stripped_larch_log	logs_that_burn	minecraft:logs_that_burn,minecraft:logs
natures_spirit:stripped_larch_log	stripped_logs	forge:stripped_logs,minecraft:logs_that_burn,minecraft:logs
natures_spirit:stripped_larch_wood	logs_that_burn	minecraft:logs_that_burn,minecraft:logs
natures_spirit:stripped_larch_wood	stripped_wood	forge:stripped_wood,minecraft:logs_that_burn,minecraft:logs
natures_spirit:stripped_mahogany_log	logs_that_burn	minecraft:logs_that_burn,minecraft:logs
natures_spirit:stripped_mahogany_log	stripped_logs	forge:stripped_logs,minecraft:logs_that_burn,minecraft:logs
natures_spirit:stripped_mahogany_wood	logs_that_burn	minecraft:logs_that_burn,minecraft:logs
natures_spirit:stripped_mahogany_wood	stripped_wood	forge:stripped_wood,minecraft:logs_that_burn,minecraft:logs
natures_spirit:stripped_maple_log	logs_that_burn	minecraft:logs_that_burn,minecraft:logs
natures_spirit:stripped_maple_log	stripped_logs	forge:stripped_logs,minecraft:logs_that_burn,minecraft:logs
natures_spirit:stripped_maple_wood	logs_that_burn	minecraft:logs_that_burn,minecraft:logs
natures_spirit:stripped_maple_wood	stripped_wood	forge:stripped_wood,minecraft:logs_that_burn,minecraft:logs
natures_spirit:stripped_olive_log	logs_that_burn	minecraft:logs_that_burn,minecraft:logs
natures_spirit:stripped_olive_log	stripped_logs	forge:stripped_logs,minecraft:logs_that_burn,minecraft:logs
natures_spirit:stripped_olive_wood	logs_that_burn	minecraft:logs_that_burn,minecraft:logs
natures_spirit:stripped_olive_wood	stripped_wood	forge:stripped_wood,minecraft:logs_that_burn,minecraft:logs
natures_spirit:stripped_palo_verde_log	logs_that_burn	minecraft:logs_that_burn,minecraft:logs
natures_spirit:stripped_palo_verde_log	stripped_logs	forge:stripped_logs,minecraft:logs_that_burn,minecraft:logs
natures_spirit:stripped_palo_verde_wood	logs_that_burn	minecraft:logs_that_burn,minecraft:logs
natures_spirit:stripped_palo_verde_wood	stripped_wood	forge:stripped_wood,minecraft:logs_that_burn,minecraft:logs
natures_spirit:stripped_redwood_log	logs_that_burn	minecraft:logs_that_burn,minecraft:logs
natures_spirit:stripped_redwood_log	stripped_logs	forge:stripped_logs,minecraft:logs_that_burn,minecraft:logs
natures_spirit:stripped_redwood_wood	logs_that_burn	minecraft:logs_that_burn,minecraft:logs
natures_spirit:stripped_redwood_wood	stripped_wood	forge:stripped_wood,minecraft:logs_that_burn,minecraft:logs
natures_spirit:stripped_saxaul_log	logs_that_burn	minecraft:logs_that_burn,minecraft:logs
natures_spirit:stripped_saxaul_log	stripped_logs	forge:stripped_logs,minecraft:logs_that_burn,minecraft:logs
natures_spirit:stripped_saxaul_wood	logs_that_burn	minecraft:logs_that_burn,minecraft:logs
natures_spirit:stripped_saxaul_wood	stripped_wood	forge:stripped_wood,minecraft:logs_that_burn,minecraft:logs
natures_spirit:stripped_sugi_log	logs_that_burn	minecraft:logs_that_burn,minecraft:logs
natures_spirit:stripped_sugi_log	stripped_logs	forge:stripped_logs,minecraft:logs_that_burn,minecraft:logs
natures_spirit:stripped_sugi_wood	logs_that_burn	minecraft:logs_that_burn,minecraft:logs
natures_spirit:stripped_sugi_wood	stripped_wood	forge:stripped_wood,minecraft:logs_that_burn,minecraft:logs
natures_spirit:stripped_willow_log	logs_that_burn	minecraft:logs_that_burn,minecraft:logs
natures_spirit:stripped_willow_log	stripped_logs	forge:stripped_logs,minecraft:logs_that_burn,minecraft:logs
natures_spirit:stripped_willow_wood	logs_that_burn	minecraft:logs_that_burn,minecraft:logs
natures_spirit:stripped_willow_wood	stripped_wood	forge:stripped_wood,minecraft:logs_that_burn,minecraft:logs
natures_spirit:stripped_wisteria_log	logs_that_burn	minecraft:logs_that_burn,minecraft:logs
natures_spirit:stripped_wisteria_log	stripped_logs	forge:stripped_logs,minecraft:logs_that_burn,minecraft:logs
natures_spirit:stripped_wisteria_wood	logs_that_burn	minecraft:logs_that_burn,minecraft:logs
natures_spirit:stripped_wisteria_wood	stripped_wood	forge:stripped_wood,minecraft:logs_that_burn,minecraft:logs
natures_spirit:sugi_door	wooden_doors	minecraft:wooden_doors
natures_spirit:sugi_fence	wooden_fences	minecraft:wooden_fences
natures_spirit:sugi_fence_gate	fence_gates	minecraft:fence_gates
natures_spirit:sugi_leaves	leaves	minecraft:leaves
natures_spirit:sugi_log	logs_that_burn	minecraft:logs_that_burn,minecraft:logs
natures_spirit:sugi_planks	planks	minecraft:planks
natures_spirit:sugi_slab	wooden_slabs	minecraft:wooden_slabs
natures_spirit:sugi_stairs	wooden_stairs	minecraft:wooden_stairs
natures_spirit:sugi_trapdoor	wooden_trapdoors	minecraft:wooden_trapdoors
natures_spirit:sugi_wood	logs_that_burn	minecraft:logs_that_burn,minecraft:logs
natures_spirit:white_wisteria_leaves	leaves	minecraft:leaves
natures_spirit:willow_door	wooden_doors	minecraft:wooden_doors
natures_spirit:willow_fence	wooden_fences	minecraft:wooden_fences
natures_spirit:willow_fence_gate	fence_gates	minecraft:fence_gates
natures_spirit:willow_leaves	leaves	minecraft:leaves
natures_spirit:willow_log	logs_that_burn	minecraft:logs_that_burn,minecraft:logs
natures_spirit:willow_planks	planks	minecraft:planks
natures_spirit:willow_slab	wooden_slabs	minecraft:wooden_slabs
natures_spirit:willow_stairs	wooden_stairs	minecraft:wooden_stairs
natures_spirit:willow_trapdoor	wooden_trapdoors	minecraft:wooden_trapdoors
natures_spirit:willow_wood	logs_that_burn	minecraft:logs_that_burn,minecraft:logs
natures_spirit:wisteria_door	wooden_doors	minecraft:wooden_doors
natures_spirit:wisteria_fence	wooden_fences	minecraft:wooden_fences
natures_spirit:wisteria_fence_gate	fence_gates	minecraft:fence_gates
natures_spirit:wisteria_leaves	leaves	minecraft:leaves
natures_spirit:wisteria_log	logs_that_burn	minecraft:logs_that_burn,minecraft:logs
natures_spirit:wisteria_planks	planks	minecraft:planks
natures_spirit:wisteria_slab	wooden_slabs	minecraft:wooden_slabs
natures_spirit:wisteria_stairs	wooden_stairs	minecraft:wooden_stairs
natures_spirit:wisteria_trapdoor	wooden_trapdoors	minecraft:wooden_trapdoors
natures_spirit:wisteria_wood	logs_that_burn	minecraft:logs_that_burn,minecraft:logs
natures_spirit:yellow_aspen_leaves	leaves	minecraft:leaves
natures_spirit:yellow_maple_leaves	leaves	minecraft:leaves
quark:ancient_door	wooden_doors	minecraft:wooden_doors
quark:ancient_fence	wooden_fences	minecraft:wooden_fences
quark:ancient_leaves	leaves	minecraft:leaves
quark:ancient_log	logs_that_burn	minecraft:logs_that_burn,minecraft:logs
quark:ancient_planks	planks	minecraft:planks
quark:ancient_planks_slab	wooden_slabs	minecraft:wooden_slabs
quark:ancient_planks_stairs	wooden_stairs	minecraft:wooden_stairs
quark:ancient_trapdoor	wooden_trapdoors	minecraft:wooden_trapdoors
quark:ancient_wood	logs_that_burn	minecraft:logs_that_burn,minecraft:logs
quark:azalea_door	wooden_doors	minecraft:wooden_doors
quark:azalea_fence	wooden_fences	minecraft:wooden_fences
quark:azalea_log	logs_that_burn	minecraft:logs_that_burn,minecraft:logs
quark:azalea_planks	planks	minecraft:planks
quark:azalea_planks_slab	wooden_slabs	minecraft:wooden_slabs
quark:azalea_planks_stairs	wooden_stairs	minecraft:wooden_stairs
quark:azalea_trapdoor	wooden_trapdoors	minecraft:wooden_trapdoors
quark:azalea_wood	logs_that_burn	minecraft:logs_that_burn,minecraft:logs
quark:blossom_door	wooden_doors	minecraft:wooden_doors
quark:blossom_fence	wooden_fences	minecraft:wooden_fences
quark:blossom_log	logs_that_burn	minecraft:logs_that_burn,minecraft:logs
quark:blossom_planks	planks	minecraft:planks
quark:blossom_planks_slab	wooden_slabs	minecraft:wooden_slabs
quark:blossom_planks_stairs	wooden_stairs	minecraft:wooden_stairs
quark:blossom_trapdoor	wooden_trapdoors	minecraft:wooden_trapdoors
quark:blossom_wood	logs_that_burn	minecraft:logs_that_burn,minecraft:logs
quark:blue_blossom_leaves	leaves	minecraft:leaves
quark:lavender_blossom_leaves	leaves	minecraft:leaves
quark:orange_blossom_leaves	leaves	minecraft:leaves
quark:red_blossom_leaves	leaves	minecraft:leaves
quark:stripped_ancient_log	logs_that_burn	minecraft:logs_that_burn,minecraft:logs
quark:stripped_ancient_log	stripped_logs	forge:stripped_logs,minecraft:logs_that_burn,minecraft:logs
quark:stripped_ancient_wood	logs_that_burn	minecraft:logs_that_burn,minecraft:logs
quark:stripped_ancient_wood	stripped_wood	minecraft:logs_that_burn,minecraft:logs
quark:stripped_azalea_log	logs_that_burn	minecraft:logs_that_burn,minecraft:logs
quark:stripped_azalea_log	stripped_logs	forge:stripped_logs,minecraft:logs_that_burn,minecraft:logs
quark:stripped_azalea_wood	logs_that_burn	minecraft:logs_that_burn,minecraft:logs
quark:stripped_azalea_wood	stripped_wood	minecraft:logs_that_burn,minecraft:logs
quark:stripped_blossom_log	logs_that_burn	minecraft:logs_that_burn,minecraft:logs
quark:stripped_blossom_log	stripped_logs	forge:stripped_logs,minecraft:logs_that_burn,minecraft:logs
quark:stripped_blossom_wood	logs_that_burn	minecraft:logs_that_burn,minecraft:logs
quark:stripped_blossom_wood	stripped_wood	minecraft:logs_that_burn,minecraft:logs
quark:vertical_acacia_planks	planks	minecraft:planks
quark:vertical_ancient_planks	planks	minecraft:planks
quark:vertical_azalea_planks	planks	minecraft:planks
quark:vertical_bamboo_planks	planks	minecraft:planks
quark:vertical_birch_planks	planks	minecraft:planks
quark:vertical_blossom_planks	planks	minecraft:planks
quark:vertical_cherry_planks	planks	minecraft:planks
quark:vertical_crimson_planks	planks	minecraft:planks
quark:vertical_dark_oak_planks	planks	minecraft:planks
quark:vertical_jungle_planks	planks	minecraft:planks
quark:vertical_mangrove_planks	planks	minecraft:planks
quark:vertical_oak_planks	planks	minecraft:planks
quark:vertical_spruce_planks	planks	minecraft:planks
quark:vertical_warped_planks	planks	minecraft:planks
quark:yellow_blossom_leaves	leaves	minecraft:leaves
tconstruct:bloodshroom_door	wooden_doors	minecraft:wooden_doors
tconstruct:bloodshroom_fence	wooden_fences	minecraft:wooden_fences
tconstruct:bloodshroom_fence_gate	fence_gates	minecraft:fence_gates
tconstruct:bloodshroom_log	logs_that_burn	minecraft:logs
tconstruct:bloodshroom_planks	planks	minecraft:planks
tconstruct:bloodshroom_planks_slab	wooden_slabs	minecraft:wooden_slabs
tconstruct:bloodshroom_planks_stairs	wooden_stairs	minecraft:wooden_stairs
tconstruct:bloodshroom_trapdoor	wooden_trapdoors	minecraft:wooden_trapdoors
tconstruct:bloodshroom_wood	logs_that_burn	minecraft:logs
tconstruct:earth_slime_leaves	leaves	minecraft:leaves
tconstruct:ender_slime_leaves	leaves	minecraft:leaves
tconstruct:enderbark_door	wooden_doors	minecraft:wooden_doors
tconstruct:enderbark_fence	wooden_fences	minecraft:wooden_fences
tconstruct:enderbark_fence_gate	fence_gates	minecraft:fence_gates
tconstruct:enderbark_log	logs_that_burn	minecraft:logs
tconstruct:enderbark_planks	planks	minecraft:planks
tconstruct:enderbark_planks_slab	wooden_slabs	minecraft:wooden_slabs
tconstruct:enderbark_planks_stairs	wooden_stairs	minecraft:wooden_stairs
tconstruct:enderbark_trapdoor	wooden_trapdoors	minecraft:wooden_trapdoors
tconstruct:enderbark_wood	logs_that_burn	minecraft:logs
tconstruct:greenheart_door	wooden_doors	minecraft:wooden_doors
tconstruct:greenheart_fence	wooden_fences	minecraft:wooden_fences
tconstruct:greenheart_fence_gate	fence_gates	minecraft:fence_gates
tconstruct:greenheart_log	logs_that_burn	minecraft:logs
tconstruct:greenheart_planks	planks	minecraft:planks
tconstruct:greenheart_planks_slab	wooden_slabs	minecraft:wooden_slabs
tconstruct:greenheart_planks_stairs	wooden_stairs	minecraft:wooden_stairs
tconstruct:greenheart_trapdoor	wooden_trapdoors	minecraft:wooden_trapdoors
tconstruct:greenheart_wood	logs_that_burn	minecraft:logs
tconstruct:sky_slime_leaves	leaves	minecraft:leaves
tconstruct:skyroot_door	wooden_doors	minecraft:wooden_doors
tconstruct:skyroot_fence	wooden_fences	minecraft:wooden_fences
tconstruct:skyroot_fence_gate	fence_gates	minecraft:fence_gates
tconstruct:skyroot_log	logs_that_burn	minecraft:logs
tconstruct:skyroot_planks	planks	minecraft:planks
tconstruct:skyroot_planks_slab	wooden_slabs	minecraft:wooden_slabs
tconstruct:skyroot_planks_stairs	wooden_stairs	minecraft:wooden_stairs
tconstruct:skyroot_trapdoor	wooden_trapdoors	minecraft:wooden_trapdoors
tconstruct:skyroot_wood	logs_that_burn	minecraft:logs
tconstruct:stripped_bloodshroom_log	logs_that_burn	minecraft:logs
tconstruct:stripped_bloodshroom_log	stripped_logs	minecraft:logs
tconstruct:stripped_bloodshroom_wood	logs_that_burn	minecraft:logs
tconstruct:stripped_bloodshroom_wood	stripped_wood	minecraft:logs
tconstruct:stripped_enderbark_log	logs_that_burn	minecraft:logs
tconstruct:stripped_enderbark_log	stripped_logs	minecraft:logs
tconstruct:stripped_enderbark_wood	logs_that_burn	minecraft:logs
tconstruct:stripped_enderbark_wood	stripped_wood	minecraft:logs
tconstruct:stripped_greenheart_log	logs_that_burn	minecraft:logs
tconstruct:stripped_greenheart_log	stripped_logs	minecraft:logs
tconstruct:stripped_greenheart_wood	logs_that_burn	minecraft:logs
tconstruct:stripped_greenheart_wood	stripped_wood	minecraft:logs
tconstruct:stripped_skyroot_log	logs_that_burn	minecraft:logs
tconstruct:stripped_skyroot_log	stripped_logs	minecraft:logs
tconstruct:stripped_skyroot_wood	logs_that_burn	minecraft:logs
tconstruct:stripped_skyroot_wood	stripped_wood	minecraft:logs
the_finley_dimension_remastered:ashen_log	logs_that_burn	minecraft:logs
the_finley_dimension_remastered:ashen_wood	logs_that_burn	minecraft:logs
the_finley_dimension_remastered:finley_wood_leaves	leaves	minecraft:leaves
the_finley_dimension_remastered:finley_wood_log	logs_that_burn	minecraft:logs
the_finley_dimension_remastered:finley_wood_wood	logs_that_burn	minecraft:logs
the_finley_dimension_remastered:living_wood_leaves	leaves	minecraft:leaves
the_finley_dimension_remastered:living_wood_log	logs_that_burn	minecraft:logs
the_finley_dimension_remastered:living_wood_wood	logs_that_burn	minecraft:logs
twilightforest:beanstalk_leaves	leaves	minecraft:leaves
twilightforest:beanstalk_leaves	crops	other_burnt_checked_tag
twilightforest:canopy_door	wooden_doors	minecraft:wooden_doors
twilightforest:canopy_fence	wooden_fences	minecraft:wooden_fences
twilightforest:canopy_fence_gate	fence_gates	minecraft:fence_gates
twilightforest:canopy_leaves	leaves	minecraft:leaves
twilightforest:canopy_log	logs_that_burn	minecraft:logs_that_burn,minecraft:logs
twilightforest:canopy_planks	planks	minecraft:planks
twilightforest:canopy_slab	wooden_slabs	minecraft:wooden_slabs
twilightforest:canopy_stairs	wooden_stairs	minecraft:wooden_stairs
twilightforest:canopy_trapdoor	wooden_trapdoors	minecraft:wooden_trapdoors
twilightforest:canopy_wood	logs_that_burn	minecraft:logs_that_burn,minecraft:logs
twilightforest:dark_door	wooden_doors	minecraft:wooden_doors
twilightforest:dark_fence	wooden_fences	minecraft:wooden_fences
twilightforest:dark_fence_gate	fence_gates	minecraft:fence_gates
twilightforest:dark_leaves	leaves	minecraft:leaves
twilightforest:dark_log	logs_that_burn	minecraft:logs
twilightforest:dark_planks	planks	minecraft:planks
twilightforest:dark_slab	wooden_slabs	minecraft:wooden_slabs
twilightforest:dark_stairs	wooden_stairs	minecraft:wooden_stairs
twilightforest:dark_trapdoor	wooden_trapdoors	minecraft:wooden_trapdoors
twilightforest:dark_wood	logs_that_burn	minecraft:logs
twilightforest:mangrove_door	wooden_doors	minecraft:wooden_doors
twilightforest:mangrove_fence	wooden_fences	minecraft:wooden_fences
twilightforest:mangrove_fence_gate	fence_gates	minecraft:fence_gates
twilightforest:mangrove_leaves	leaves	minecraft:leaves
twilightforest:mangrove_log	logs_that_burn	minecraft:logs_that_burn,minecraft:logs
twilightforest:mangrove_planks	planks	minecraft:planks
twilightforest:mangrove_slab	wooden_slabs	minecraft:wooden_slabs
twilightforest:mangrove_stairs	wooden_stairs	minecraft:wooden_stairs
twilightforest:mangrove_trapdoor	wooden_trapdoors	minecraft:wooden_trapdoors
twilightforest:mangrove_wood	logs_that_burn	minecraft:logs_that_burn,minecraft:logs
twilightforest:mining_door	wooden_doors	minecraft:wooden_doors
twilightforest:mining_fence	wooden_fences	minecraft:wooden_fences
twilightforest:mining_fence_gate	fence_gates	minecraft:fence_gates
twilightforest:mining_leaves	leaves	minecraft:leaves
twilightforest:mining_log	logs_that_burn	minecraft:logs_that_burn,minecraft:logs
twilightforest:mining_planks	planks	minecraft:planks
twilightforest:mining_slab	wooden_slabs	minecraft:wooden_slabs
twilightforest:mining_stairs	wooden_stairs	minecraft:wooden_stairs
twilightforest:mining_trapdoor	wooden_trapdoors	minecraft:wooden_trapdoors
twilightforest:mining_wood	logs_that_burn	minecraft:logs_that_burn,minecraft:logs
twilightforest:rainbow_oak_leaves	leaves	minecraft:leaves
twilightforest:sorting_door	wooden_doors	minecraft:wooden_doors
twilightforest:sorting_fence	wooden_fences	minecraft:wooden_fences
twilightforest:sorting_fence_gate	fence_gates	minecraft:fence_gates
twilightforest:sorting_leaves	leaves	minecraft:leaves
twilightforest:sorting_log	logs_that_burn	minecraft:logs_that_burn,minecraft:logs
twilightforest:sorting_planks	planks	minecraft:planks
twilightforest:sorting_trapdoor	wooden_trapdoors	minecraft:wooden_trapdoors
twilightforest:sorting_wood	logs_that_burn	minecraft:logs_that_burn,minecraft:logs
twilightforest:stripped_canopy_log	logs_that_burn	minecraft:logs_that_burn,minecraft:logs
twilightforest:stripped_canopy_log	stripped_logs	minecraft:logs_that_burn,minecraft:logs
twilightforest:stripped_canopy_wood	logs_that_burn	minecraft:logs_that_burn,minecraft:logs
twilightforest:stripped_canopy_wood	stripped_wood	minecraft:logs_that_burn,minecraft:logs
twilightforest:stripped_dark_log	logs_that_burn	minecraft:logs
twilightforest:stripped_dark_log	stripped_logs	minecraft:logs
twilightforest:stripped_dark_wood	logs_that_burn	minecraft:logs
twilightforest:stripped_dark_wood	stripped_wood	minecraft:logs
twilightforest:stripped_mangrove_log	logs_that_burn	minecraft:logs_that_burn,minecraft:logs
twilightforest:stripped_mangrove_log	stripped_logs	minecraft:logs_that_burn,minecraft:logs
twilightforest:stripped_mangrove_wood	logs_that_burn	minecraft:logs_that_burn,minecraft:logs
twilightforest:stripped_mangrove_wood	stripped_wood	minecraft:logs_that_burn,minecraft:logs
twilightforest:stripped_mining_log	logs_that_burn	minecraft:logs_that_burn,minecraft:logs
twilightforest:stripped_mining_log	stripped_logs	minecraft:logs_that_burn,minecraft:logs
twilightforest:stripped_mining_wood	logs_that_burn	minecraft:logs_that_burn,minecraft:logs
twilightforest:stripped_mining_wood	stripped_wood	minecraft:logs_that_burn,minecraft:logs
twilightforest:stripped_sorting_log	logs_that_burn	minecraft:logs_that_burn,minecraft:logs
twilightforest:stripped_sorting_log	stripped_logs	minecraft:logs_that_burn,minecraft:logs
twilightforest:stripped_sorting_wood	logs_that_burn	minecraft:logs_that_burn,minecraft:logs
twilightforest:stripped_sorting_wood	stripped_wood	minecraft:logs_that_burn,minecraft:logs
twilightforest:stripped_time_log	logs_that_burn	minecraft:logs_that_burn,minecraft:logs
twilightforest:stripped_time_log	stripped_logs	minecraft:logs_that_burn,minecraft:logs
twilightforest:stripped_time_wood	logs_that_burn	minecraft:logs_that_burn,minecraft:logs
twilightforest:stripped_time_wood	stripped_wood	minecraft:logs_that_burn,minecraft:logs
twilightforest:stripped_transformation_log	logs_that_burn	minecraft:logs_that_burn,minecraft:logs
twilightforest:stripped_transformation_log	stripped_logs	minecraft:logs_that_burn,minecraft:logs
twilightforest:stripped_transformation_wood	logs_that_burn	minecraft:logs_that_burn,minecraft:logs
twilightforest:stripped_transformation_wood	stripped_wood	minecraft:logs_that_burn,minecraft:logs
twilightforest:stripped_twilight_oak_log	logs_that_burn	minecraft:logs_that_burn,minecraft:logs
twilightforest:stripped_twilight_oak_log	stripped_logs	minecraft:logs_that_burn,minecraft:logs
twilightforest:stripped_twilight_oak_wood	logs_that_burn	minecraft:logs_that_burn,minecraft:logs
twilightforest:stripped_twilight_oak_wood	stripped_wood	minecraft:logs_that_burn,minecraft:logs
twilightforest:thorn_leaves	leaves	minecraft:leaves
twilightforest:time_door	wooden_doors	minecraft:wooden_doors
twilightforest:time_fence	wooden_fences	minecraft:wooden_fences
twilightforest:time_fence_gate	fence_gates	minecraft:fence_gates
twilightforest:time_leaves	leaves	minecraft:leaves
twilightforest:time_log	logs_that_burn	minecraft:logs_that_burn,minecraft:logs
twilightforest:time_planks	planks	minecraft:planks
twilightforest:time_slab	wooden_slabs	minecraft:wooden_slabs
twilightforest:time_stairs	wooden_stairs	minecraft:wooden_stairs
twilightforest:time_trapdoor	wooden_trapdoors	minecraft:wooden_trapdoors
twilightforest:time_wood	logs_that_burn	minecraft:logs_that_burn,minecraft:logs
twilightforest:transformation_door	wooden_doors	minecraft:wooden_doors
twilightforest:transformation_fence	wooden_fences	minecraft:wooden_fences
twilightforest:transformation_fence_gate	fence_gates	minecraft:fence_gates
twilightforest:transformation_leaves	leaves	minecraft:leaves
twilightforest:transformation_log	logs_that_burn	minecraft:logs_that_burn,minecraft:logs
twilightforest:transformation_planks	planks	minecraft:planks
twilightforest:transformation_slab	wooden_slabs	minecraft:wooden_slabs
twilightforest:transformation_stairs	wooden_stairs	minecraft:wooden_stairs
twilightforest:transformation_trapdoor	wooden_trapdoors	minecraft:wooden_trapdoors
twilightforest:transformation_wood	logs_that_burn	minecraft:logs_that_burn,minecraft:logs
twilightforest:twilight_oak_door	wooden_doors	minecraft:wooden_doors
twilightforest:twilight_oak_fence	wooden_fences	minecraft:wooden_fences
twilightforest:twilight_oak_fence_gate	fence_gates	minecraft:fence_gates
twilightforest:twilight_oak_leaves	leaves	minecraft:leaves
twilightforest:twilight_oak_log	logs_that_burn	minecraft:logs_that_burn,minecraft:logs
twilightforest:twilight_oak_planks	planks	minecraft:planks
twilightforest:twilight_oak_slab	wooden_slabs	minecraft:wooden_slabs
twilightforest:twilight_oak_stairs	wooden_stairs	minecraft:wooden_stairs
twilightforest:twilight_oak_trapdoor	wooden_trapdoors	minecraft:wooden_trapdoors
twilightforest:twilight_oak_wood	logs_that_burn	minecraft:logs_that_burn,minecraft:logs
undergarden:gloomgourd_stem	logs_that_burn	other_burnt_checked_tag
undergarden:grongle_door	wooden_doors	minecraft:wooden_doors
undergarden:grongle_fence	wooden_fences	minecraft:wooden_fences
undergarden:grongle_fence_gate	fence_gates	minecraft:fence_gates
undergarden:grongle_leaves	leaves	minecraft:leaves
undergarden:grongle_log	logs_that_burn	minecraft:logs_that_burn,minecraft:logs
undergarden:grongle_planks	planks	minecraft:planks
undergarden:grongle_slab	wooden_slabs	minecraft:wooden_slabs
undergarden:grongle_stairs	wooden_stairs	minecraft:wooden_stairs
undergarden:grongle_trapdoor	wooden_trapdoors	minecraft:wooden_trapdoors
undergarden:grongle_wood	logs_that_burn	minecraft:logs_that_burn,minecraft:logs
undergarden:smogstem_door	wooden_doors	minecraft:wooden_doors
undergarden:smogstem_fence	wooden_fences	minecraft:wooden_fences
undergarden:smogstem_fence_gate	fence_gates	minecraft:fence_gates
undergarden:smogstem_leaves	leaves	minecraft:leaves
undergarden:smogstem_log	logs_that_burn	minecraft:logs_that_burn,minecraft:logs
undergarden:smogstem_planks	planks	minecraft:planks
undergarden:smogstem_slab	wooden_slabs	minecraft:wooden_slabs
undergarden:smogstem_stairs	wooden_stairs	minecraft:wooden_stairs
undergarden:smogstem_trapdoor	wooden_trapdoors	minecraft:wooden_trapdoors
undergarden:smogstem_wood	logs_that_burn	minecraft:logs_that_burn,minecraft:logs
undergarden:stripped_grongle_log	logs_that_burn	minecraft:logs_that_burn,minecraft:logs
undergarden:stripped_grongle_log	stripped_logs	minecraft:logs_that_burn,minecraft:logs
undergarden:stripped_grongle_wood	logs_that_burn	minecraft:logs_that_burn,minecraft:logs
undergarden:stripped_grongle_wood	stripped_wood	minecraft:logs_that_burn,minecraft:logs
undergarden:stripped_smogstem_log	logs_that_burn	minecraft:logs_that_burn,minecraft:logs
undergarden:stripped_smogstem_log	stripped_logs	minecraft:logs_that_burn,minecraft:logs
undergarden:stripped_smogstem_wood	logs_that_burn	minecraft:logs_that_burn,minecraft:logs
undergarden:stripped_smogstem_wood	stripped_wood	minecraft:logs_that_burn,minecraft:logs
undergarden:stripped_wigglewood_log	logs_that_burn	minecraft:logs_that_burn,minecraft:logs
undergarden:stripped_wigglewood_log	stripped_logs	minecraft:logs_that_burn,minecraft:logs
undergarden:stripped_wigglewood_wood	logs_that_burn	minecraft:logs_that_burn,minecraft:logs
undergarden:stripped_wigglewood_wood	stripped_wood	minecraft:logs_that_burn,minecraft:logs
undergarden:wigglewood_door	wooden_doors	minecraft:wooden_doors
undergarden:wigglewood_fence	wooden_fences	minecraft:wooden_fences
undergarden:wigglewood_fence_gate	fence_gates	minecraft:fence_gates
undergarden:wigglewood_leaves	leaves	minecraft:leaves
undergarden:wigglewood_log	logs_that_burn	minecraft:logs_that_burn,minecraft:logs
undergarden:wigglewood_planks	planks	minecraft:planks
undergarden:wigglewood_slab	wooden_slabs	minecraft:wooden_slabs
undergarden:wigglewood_stairs	wooden_stairs	minecraft:wooden_stairs
undergarden:wigglewood_trapdoor	wooden_trapdoors	minecraft:wooden_trapdoors
undergarden:wigglewood_wood	logs_that_burn	minecraft:logs_that_burn,minecraft:logs
