block_id	category	recommended_tags	namespace	sources
aether:aether_grass_block	plants_will_burn	burnt:plants_will_burn	aether	aether-1.20.1-1.5.2-neoforge.jar
aether:berry_bush	crops	minecraft:crops,burnt:plants_will_burn	aether	aether-1.20.1-1.5.2-neoforge.jar
aether:berry_bush_stem	logs_that_burn	minecraft:logs_that_burn,minecraft:logs	aether	aether-1.20.1-1.5.2-neoforge.jar
aether:enchanted_aether_grass_block	plants_will_burn	burnt:plants_will_burn	aether	aether-1.20.1-1.5.2-neoforge.jar
aether:golden_oak_sapling	plants_will_burn	burnt:plants_will_burn	aether	aether-1.20.1-1.5.2-neoforge.jar
aether:potted_berry_bush	crops	minecraft:crops,burnt:plants_will_burn	aether	aether-1.20.1-1.5.2-neoforge.jar
aether:potted_berry_bush_stem	logs_that_burn	minecraft:logs_that_burn,minecraft:logs	aether	aether-1.20.1-1.5.2-neoforge.jar
aether:potted_golden_oak_sapling	plants_will_burn	burnt:plants_will_burn	aether	aether-1.20.1-1.5.2-neoforge.jar
aether:potted_purple_flower	plants_will_burn	burnt:plants_will_burn	aether	aether-1.20.1-1.5.2-neoforge.jar
aether:potted_skyroot_sapling	plants_will_burn	burnt:plants_will_burn	aether	aether-1.20.1-1.5.2-neoforge.jar
aether:potted_white_flower	plants_will_burn	burnt:plants_will_burn	aether	aether-1.20.1-1.5.2-neoforge.jar
aether:purple_flower	plants_will_burn	burnt:plants_will_burn	aether	aether-1.20.1-1.5.2-neoforge.jar
aether:skyroot_button	wooden_buttons	burnt:wooden_buttons	aether	aether-1.20.1-1.5.2-neoforge.jar
aether:skyroot_planks	planks	minecraft:planks	aether	aether-1.20.1-1.5.2-neoforge.jar
aether:skyroot_pressure_plate	wooden_pressure_plates	burnt:wooden_pressure_plates	aether	aether-1.20.1-1.5.2-neoforge.jar
aether:skyroot_sapling	plants_will_burn	burnt:plants_will_burn	aether	aether-1.20.1-1.5.2-neoforge.jar
aether:white_flower	plants_will_burn	burnt:plants_will_burn	aether	aether-1.20.1-1.5.2-neoforge.jar
ars_nouveau:archwood_button	wooden_buttons	burnt:wooden_buttons	ars_nouveau	ars_nouveau-1.20.1-4.12.7-all.jar
ars_nouveau:archwood_pressure_plate	wooden_pressure_plates	burnt:wooden_pressure_plates	ars_nouveau	ars_nouveau-1.20.1-4.12.7-all.jar
ars_nouveau:blue_archwood_sapling	plants_will_burn	burnt:plants_will_burn	ars_nouveau	ars_nouveau-1.20.1-4.12.7-all.jar
ars_nouveau:green_archwood_sapling	plants_will_burn	burnt:plants_will_burn	ars_nouveau	ars_nouveau-1.20.1-4.12.7-all.jar
ars_nouveau:potted_blue_archwood_sapling	plants_will_burn	burnt:plants_will_burn	ars_nouveau	ars_nouveau-1.20.1-4.12.7-all.jar
ars_nouveau:potted_green_archwood_sapling	plants_will_burn	burnt:plants_will_burn	ars_nouveau	ars_nouveau-1.20.1-4.12.7-all.jar
ars_nouveau:potted_purple_archwood_sapling	plants_will_burn	burnt:plants_will_burn	ars_nouveau	ars_nouveau-1.20.1-4.12.7-all.jar
ars_nouveau:potted_red_archwood_sapling	plants_will_burn	burnt:plants_will_burn	ars_nouveau	ars_nouveau-1.20.1-4.12.7-all.jar
ars_nouveau:purple_archwood_sapling	plants_will_burn	burnt:plants_will_burn	ars_nouveau	ars_nouveau-1.20.1-4.12.7-all.jar
ars_nouveau:red_archwood_sapling	plants_will_burn	burnt:plants_will_burn	ars_nouveau	ars_nouveau-1.20.1-4.12.7-all.jar
ars_nouveau:sourceberry_bush	crops	minecraft:crops,burnt:plants_will_burn	ars_nouveau	ars_nouveau-1.20.1-4.12.7-all.jar
ars_nouveau:stripped_archwood_log	logs_that_burn	minecraft:logs_that_burn,minecraft:logs	ars_nouveau	ars_nouveau-1.20.1-4.12.7-all.jar
ars_nouveau:stripped_archwood_wood	logs_that_burn	minecraft:logs_that_burn,minecraft:logs	ars_nouveau	ars_nouveau-1.20.1-4.12.7-all.jar
ars_nouveau:whirlisprig_flower	plants_will_burn	burnt:plants_will_burn	ars_nouveau	ars_nouveau-1.20.1-4.12.7-all.jar
blue_skies:baneful_mushroom	plants_will_burn	burnt:plants_will_burn	blue_skies	blue_skies-1.20.1-1.3.31.jar
blue_skies:bluebright_button	wooden_buttons	burnt:wooden_buttons	blue_skies	blue_skies-1.20.1-1.3.31.jar
blue_skies:bluebright_pressure_plate	wooden_pressure_plates	burnt:wooden_pressure_plates	blue_skies	blue_skies-1.20.1-1.3.31.jar
blue_skies:bluebright_sapling	plants_will_burn	burnt:plants_will_burn	blue_skies	blue_skies-1.20.1-1.3.31.jar
blue_skies:bluebright_vine	plants_will_burn	burnt:plants_will_burn	blue_skies	blue_skies-1.20.1-1.3.31.jar
blue_skies:blush_blossom	plants_will_burn	burnt:plants_will_burn	blue_skies	blue_skies-1.20.1-1.3.31.jar
blue_skies:brewberry_bush	crops	minecraft:crops,burnt:plants_will_burn	blue_skies	blue_skies-1.20.1-1.3.31.jar
blue_skies:brumble_vine	plants_will_burn	burnt:plants_will_burn	blue_skies	blue_skies-1.20.1-1.3.31.jar
blue_skies:chilled_lily_pad	plants_will_burn	burnt:plants_will_burn	blue_skies	blue_skies-1.20.1-1.3.31.jar
blue_skies:comet_button	wooden_buttons	burnt:wooden_buttons	blue_skies	blue_skies-1.20.1-1.3.31.jar
blue_skies:comet_grass	plants_will_burn	burnt:plants_will_burn	blue_skies	blue_skies-1.20.1-1.3.31.jar
blue_skies:comet_pressure_plate	wooden_pressure_plates	burnt:wooden_pressure_plates	blue_skies	blue_skies-1.20.1-1.3.31.jar
blue_skies:comet_sapling	plants_will_burn	burnt:plants_will_burn	blue_skies	blue_skies-1.20.1-1.3.31.jar
blue_skies:crescent_fruit_sapling	plants_will_burn	burnt:plants_will_burn	blue_skies	blue_skies-1.20.1-1.3.31.jar
blue_skies:crystal_flower	plants_will_burn	burnt:plants_will_burn	blue_skies	blue_skies-1.20.1-1.3.31.jar
blue_skies:crystallized_grass	plants_will_burn	burnt:plants_will_burn	blue_skies	blue_skies-1.20.1-1.3.31.jar
blue_skies:crystallized_planks	planks	minecraft:planks	blue_skies	blue_skies-1.20.1-1.3.31.jar
blue_skies:dusk_button	wooden_buttons	burnt:wooden_buttons	blue_skies	blue_skies-1.20.1-1.3.31.jar
blue_skies:dusk_pressure_plate	wooden_pressure_plates	burnt:wooden_pressure_plates	blue_skies	blue_skies-1.20.1-1.3.31.jar
blue_skies:dusk_sapling	plants_will_burn	burnt:plants_will_burn	blue_skies	blue_skies-1.20.1-1.3.31.jar
blue_skies:dusk_vine	plants_will_burn	burnt:plants_will_burn	blue_skies	blue_skies-1.20.1-1.3.31.jar
blue_skies:frostbright_button	wooden_buttons	burnt:wooden_buttons	blue_skies	blue_skies-1.20.1-1.3.31.jar
blue_skies:frostbright_pressure_plate	wooden_pressure_plates	burnt:wooden_pressure_plates	blue_skies	blue_skies-1.20.1-1.3.31.jar
blue_skies:frostbright_sapling	plants_will_burn	burnt:plants_will_burn	blue_skies	blue_skies-1.20.1-1.3.31.jar
blue_skies:frostbright_vine	plants_will_burn	burnt:plants_will_burn	blue_skies	blue_skies-1.20.1-1.3.31.jar
blue_skies:glimmer_reed	plants_will_burn	burnt:plants_will_burn	blue_skies	blue_skies-1.20.1-1.3.31.jar
blue_skies:glimmer_reed_halloween	plants_will_burn	burnt:plants_will_burn	blue_skies	blue_skies-1.20.1-1.3.31.jar
blue_skies:lunar_button	wooden_buttons	burnt:wooden_buttons	blue_skies	blue_skies-1.20.1-1.3.31.jar
blue_skies:lunar_comet_grass_block	plants_will_burn	burnt:plants_will_burn	blue_skies	blue_skies-1.20.1-1.3.31.jar
blue_skies:lunar_grass	plants_will_burn	burnt:plants_will_burn	blue_skies	blue_skies-1.20.1-1.3.31.jar
blue_skies:lunar_grass_block	plants_will_burn	burnt:plants_will_burn	blue_skies	blue_skies-1.20.1-1.3.31.jar
blue_skies:lunar_pressure_plate	wooden_pressure_plates	burnt:wooden_pressure_plates	blue_skies	blue_skies-1.20.1-1.3.31.jar
blue_skies:lunar_sapling	plants_will_burn	burnt:plants_will_burn	blue_skies	blue_skies-1.20.1-1.3.31.jar
blue_skies:lunar_vine	plants_will_burn	burnt:plants_will_burn	blue_skies	blue_skies-1.20.1-1.3.31.jar
blue_skies:maple_button	wooden_buttons	burnt:wooden_buttons	blue_skies	blue_skies-1.20.1-1.3.31.jar
blue_skies:maple_pressure_plate	wooden_pressure_plates	burnt:wooden_pressure_plates	blue_skies	blue_skies-1.20.1-1.3.31.jar
blue_skies:maple_sapling	plants_will_burn	burnt:plants_will_burn	blue_skies	blue_skies-1.20.1-1.3.31.jar
blue_skies:maple_vine	plants_will_burn	burnt:plants_will_burn	blue_skies	blue_skies-1.20.1-1.3.31.jar
blue_skies:moonlit_bloom	plants_will_burn	burnt:plants_will_burn	blue_skies	blue_skies-1.20.1-1.3.31.jar
blue_skies:moonlit_water_lily	plants_will_burn	burnt:plants_will_burn	blue_skies	blue_skies-1.20.1-1.3.31.jar
blue_skies:potted_baneful_mushroom	plants_will_burn	burnt:plants_will_burn	blue_skies	blue_skies-1.20.1-1.3.31.jar
blue_skies:potted_bluebright_sapling	plants_will_burn	burnt:plants_will_burn	blue_skies	blue_skies-1.20.1-1.3.31.jar
blue_skies:potted_blush_blossom	plants_will_burn	burnt:plants_will_burn	blue_skies	blue_skies-1.20.1-1.3.31.jar
blue_skies:potted_brewberry_bush	crops	minecraft:crops,burnt:plants_will_burn	blue_skies	blue_skies-1.20.1-1.3.31.jar
blue_skies:potted_comet_sapling	plants_will_burn	burnt:plants_will_burn	blue_skies	blue_skies-1.20.1-1.3.31.jar
blue_skies:potted_crescent_fruit_sapling	plants_will_burn	burnt:plants_will_burn	blue_skies	blue_skies-1.20.1-1.3.31.jar
blue_skies:potted_crystal_flower	plants_will_burn	burnt:plants_will_burn	blue_skies	blue_skies-1.20.1-1.3.31.jar
blue_skies:potted_dusk_sapling	plants_will_burn	burnt:plants_will_burn	blue_skies	blue_skies-1.20.1-1.3.31.jar
blue_skies:potted_frostbright_sapling	plants_will_burn	burnt:plants_will_burn	blue_skies	blue_skies-1.20.1-1.3.31.jar
blue_skies:potted_lunar_sapling	plants_will_burn	burnt:plants_will_burn	blue_skies	blue_skies-1.20.1-1.3.31.jar
blue_skies:potted_maple_sapling	plants_will_burn	burnt:plants_will_burn	blue_skies	blue_skies-1.20.1-1.3.31.jar
blue_skies:potted_moonlit_bloom	plants_will_burn	burnt:plants_will_burn	blue_skies	blue_skies-1.20.1-1.3.31.jar
blue_skies:potted_snowcap_mushroom	plants_will_burn	burnt:plants_will_burn	blue_skies	blue_skies-1.20.1-1.3.31.jar
blue_skies:potted_starlit_sapling	plants_will_burn	burnt:plants_will_burn	blue_skies	blue_skies-1.20.1-1.3.31.jar
blue_skies:sea_moss	plants_will_burn	burnt:plants_will_burn	blue_skies	blue_skies-1.20.1-1.3.31.jar
blue_skies:sea_moss_block	plants_will_burn	burnt:plants_will_burn	blue_skies	blue_skies-1.20.1-1.3.31.jar
blue_skies:sea_moss_carpet	carpets	minecraft:wool_carpets	blue_skies	blue_skies-1.20.1-1.3.31.jar
blue_skies:snowcap_mushroom	plants_will_burn	burnt:plants_will_burn	blue_skies	blue_skies-1.20.1-1.3.31.jar
blue_skies:snowcap_mushroom_block	mushroom_blocks	forge:mushroom_blocks	blue_skies	blue_skies-1.20.1-1.3.31.jar
blue_skies:snowcap_mushroom_stem	logs_that_burn	minecraft:logs_that_burn,minecraft:logs	blue_skies	blue_skies-1.20.1-1.3.31.jar
blue_skies:starlit_button	wooden_buttons	burnt:wooden_buttons	blue_skies	blue_skies-1.20.1-1.3.31.jar
blue_skies:starlit_pressure_plate	wooden_pressure_plates	burnt:wooden_pressure_plates	blue_skies	blue_skies-1.20.1-1.3.31.jar
blue_skies:starlit_sapling	plants_will_burn	burnt:plants_will_burn	blue_skies	blue_skies-1.20.1-1.3.31.jar
blue_skies:starlit_vine	plants_will_burn	burnt:plants_will_burn	blue_skies	blue_skies-1.20.1-1.3.31.jar
blue_skies:tall_lunar_grass	plants_will_burn	burnt:plants_will_burn	blue_skies	blue_skies-1.20.1-1.3.31.jar
blue_skies:tall_turquoise_grass	plants_will_burn	burnt:plants_will_burn	blue_skies	blue_skies-1.20.1-1.3.31.jar
blue_skies:turquoise_comet_grass_block	plants_will_burn	burnt:plants_will_burn	blue_skies	blue_skies-1.20.1-1.3.31.jar
blue_skies:turquoise_grass	plants_will_burn	burnt:plants_will_burn	blue_skies	blue_skies-1.20.1-1.3.31.jar
blue_skies:turquoise_grass_block	plants_will_burn	burnt:plants_will_burn	blue_skies	blue_skies-1.20.1-1.3.31.jar
brewinandchewin:glow_berry_marmalade	crops	minecraft:crops,burnt:plants_will_burn	brewinandchewin	BrewinAndChewin-1.20.1-3.2.1.jar
brewinandchewin:rice_wine	crops	minecraft:crops,burnt:plants_will_burn	brewinandchewin	BrewinAndChewin-1.20.1-3.2.1.jar
brewinandchewin:sweet_berry_jam	crops	minecraft:crops,burnt:plants_will_burn	brewinandchewin	BrewinAndChewin-1.20.1-3.2.1.jar
createdieselgenerators:chip_wood_slab	wooden_slabs	minecraft:wooden_slabs	createdieselgenerators	createdieselgenerators-1.20.1-1.3.12.jar
createdieselgenerators:chip_wood_stairs	wooden_stairs	minecraft:wooden_stairs	createdieselgenerators	createdieselgenerators-1.20.1-1.3.12.jar
deeperdarker:bloom_button	wooden_buttons	burnt:wooden_buttons	deeperdarker	deeperdarker-forge-1.20.1-1.3.3.jar
deeperdarker:bloom_pressure_plate	wooden_pressure_plates	burnt:wooden_pressure_plates	deeperdarker	deeperdarker-forge-1.20.1-1.3.3.jar
deeperdarker:blooming_moss_block	plants_will_burn	burnt:plants_will_burn	deeperdarker	deeperdarker-forge-1.20.1-1.3.3.jar
deeperdarker:blooming_stem	logs_that_burn	minecraft:logs_that_burn,minecraft:logs	deeperdarker	deeperdarker-forge-1.20.1-1.3.3.jar
deeperdarker:echo_button	wooden_buttons	burnt:wooden_buttons	deeperdarker	deeperdarker-forge-1.20.1-1.3.3.jar
deeperdarker:echo_pressure_plate	wooden_pressure_plates	burnt:wooden_pressure_plates	deeperdarker	deeperdarker-forge-1.20.1-1.3.3.jar
deeperdarker:echo_sapling	plants_will_burn	burnt:plants_will_burn	deeperdarker	deeperdarker-forge-1.20.1-1.3.3.jar
deeperdarker:gloomy_grass	plants_will_burn	burnt:plants_will_burn	deeperdarker	deeperdarker-forge-1.20.1-1.3.3.jar
deeperdarker:glowing_grass	plants_will_burn	burnt:plants_will_burn	deeperdarker	deeperdarker-forge-1.20.1-1.3.3.jar
deeperdarker:glowing_roots	plants_will_burn	burnt:plants_will_burn	deeperdarker	deeperdarker-forge-1.20.1-1.3.3.jar
deeperdarker:glowing_roots_plant	plants_will_burn	burnt:plants_will_burn	deeperdarker	deeperdarker-forge-1.20.1-1.3.3.jar
deeperdarker:glowing_vines	plants_will_burn	burnt:plants_will_burn	deeperdarker	deeperdarker-forge-1.20.1-1.3.3.jar
deeperdarker:ice_lily	plants_will_burn	burnt:plants_will_burn	deeperdarker	deeperdarker-forge-1.20.1-1.3.3.jar
deeperdarker:lily_flower	plants_will_burn	burnt:plants_will_burn	deeperdarker	deeperdarker-forge-1.20.1-1.3.3.jar
deeperdarker:potted_blooming_stem	logs_that_burn	minecraft:logs_that_burn,minecraft:logs	deeperdarker	deeperdarker-forge-1.20.1-1.3.3.jar
deeperdarker:potted_echo_sapling	plants_will_burn	burnt:plants_will_burn	deeperdarker	deeperdarker-forge-1.20.1-1.3.3.jar
deeperdarker:sculk_vines	plants_will_burn	burnt:plants_will_burn	deeperdarker	deeperdarker-forge-1.20.1-1.3.3.jar
deeperdarker:stripped_blooming_stem	logs_that_burn	minecraft:logs_that_burn,minecraft:logs	deeperdarker	deeperdarker-forge-1.20.1-1.3.3.jar
dtarsnouveau:blue_archwood_sapling	plants_will_burn	burnt:plants_will_burn	dtarsnouveau	DynamicTreesArsNouveau-1.20.1-1.2.0.jar
dtarsnouveau:green_archwood_sapling	plants_will_burn	burnt:plants_will_burn	dtarsnouveau	DynamicTreesArsNouveau-1.20.1-1.2.0.jar
dtarsnouveau:purple_archwood_sapling	plants_will_burn	burnt:plants_will_burn	dtarsnouveau	DynamicTreesArsNouveau-1.20.1-1.2.0.jar
dtarsnouveau:red_archwood_sapling	plants_will_burn	burnt:plants_will_burn	dtarsnouveau	DynamicTreesArsNouveau-1.20.1-1.2.0.jar
dtarsnouveau:yellow_archwood_sapling	plants_will_burn	burnt:plants_will_burn	dtarsnouveau	DynamicTreesArsNouveau-1.20.1-1.2.0.jar
dtnatures_spirit:aspen_sapling	plants_will_burn	burnt:plants_will_burn	dtnatures_spirit	dtnatures_spirit-1.20.1-forge-1.3-all.jar
dtnatures_spirit:blue_wisteria_sapling	plants_will_burn	burnt:plants_will_burn	dtnatures_spirit	dtnatures_spirit-1.20.1-forge-1.3-all.jar
dtnatures_spirit:cedar_sapling	plants_will_burn	burnt:plants_will_burn	dtnatures_spirit	dtnatures_spirit-1.20.1-forge-1.3-all.jar
dtnatures_spirit:coconut_sapling	plants_will_burn	burnt:plants_will_burn	dtnatures_spirit	dtnatures_spirit-1.20.1-forge-1.3-all.jar
dtnatures_spirit:cypress_sapling	plants_will_burn	burnt:plants_will_burn	dtnatures_spirit	dtnatures_spirit-1.20.1-forge-1.3-all.jar
dtnatures_spirit:fir_sapling	plants_will_burn	burnt:plants_will_burn	dtnatures_spirit	dtnatures_spirit-1.20.1-forge-1.3-all.jar
dtnatures_spirit:ghaf_sapling	plants_will_burn	burnt:plants_will_burn	dtnatures_spirit	dtnatures_spirit-1.20.1-forge-1.3-all.jar
dtnatures_spirit:joshua_sapling	plants_will_burn	burnt:plants_will_burn	dtnatures_spirit	dtnatures_spirit-1.20.1-forge-1.3-all.jar
dtnatures_spirit:larch_sapling	plants_will_burn	burnt:plants_will_burn	dtnatures_spirit	dtnatures_spirit-1.20.1-forge-1.3-all.jar
dtnatures_spirit:mahogany_sapling	plants_will_burn	burnt:plants_will_burn	dtnatures_spirit	dtnatures_spirit-1.20.1-forge-1.3-all.jar
dtnatures_spirit:olive_sapling	plants_will_burn	burnt:plants_will_burn	dtnatures_spirit	dtnatures_spirit-1.20.1-forge-1.3-all.jar
dtnatures_spirit:orange_maple_sapling	plants_will_burn	burnt:plants_will_burn	dtnatures_spirit	dtnatures_spirit-1.20.1-forge-1.3-all.jar
dtnatures_spirit:palo_verde_sapling	plants_will_burn	burnt:plants_will_burn	dtnatures_spirit	dtnatures_spirit-1.20.1-forge-1.3-all.jar
dtnatures_spirit:pink_wisteria_sapling	plants_will_burn	burnt:plants_will_burn	dtnatures_spirit	dtnatures_spirit-1.20.1-forge-1.3-all.jar
dtnatures_spirit:purple_wisteria_sapling	plants_will_burn	burnt:plants_will_burn	dtnatures_spirit	dtnatures_spirit-1.20.1-forge-1.3-all.jar
dtnatures_spirit:red_maple_sapling	plants_will_burn	burnt:plants_will_burn	dtnatures_spirit	dtnatures_spirit-1.20.1-forge-1.3-all.jar
dtnatures_spirit:redwood_sapling	plants_will_burn	burnt:plants_will_burn	dtnatures_spirit	dtnatures_spirit-1.20.1-forge-1.3-all.jar
dtnatures_spirit:rooty_red_moss_block	plants_will_burn	burnt:plants_will_burn	dtnatures_spirit	dtnatures_spirit-1.20.1-forge-1.3-all.jar
dtnatures_spirit:saxaul_sapling	plants_will_burn	burnt:plants_will_burn	dtnatures_spirit	dtnatures_spirit-1.20.1-forge-1.3-all.jar
dtnatures_spirit:sugi_sapling	plants_will_burn	burnt:plants_will_burn	dtnatures_spirit	dtnatures_spirit-1.20.1-forge-1.3-all.jar
dtnatures_spirit:white_wisteria_sapling	plants_will_burn	burnt:plants_will_burn	dtnatures_spirit	dtnatures_spirit-1.20.1-forge-1.3-all.jar
dtnatures_spirit:willow_sapling	plants_will_burn	burnt:plants_will_burn	dtnatures_spirit	dtnatures_spirit-1.20.1-forge-1.3-all.jar
dtnatures_spirit:yellow_maple_sapling	plants_will_burn	burnt:plants_will_burn	dtnatures_spirit	dtnatures_spirit-1.20.1-forge-1.3-all.jar
dtquark:ancient_sapling	plants_will_burn	burnt:plants_will_burn	dtquark	DynamicTreesQuark-1.20.1-2.5.3.jar
dtquark:fiery_blossom_sapling	plants_will_burn	burnt:plants_will_burn	dtquark	DynamicTreesQuark-1.20.1-2.5.3.jar
dtquark:frosty_blossom_sapling	plants_will_burn	burnt:plants_will_burn	dtquark	DynamicTreesQuark-1.20.1-2.5.3.jar
dtquark:glow_shroom_sapling	plants_will_burn	burnt:plants_will_burn	dtquark	DynamicTreesQuark-1.20.1-2.5.3.jar
dtquark:serene_blossom_sapling	plants_will_burn	burnt:plants_will_burn	dtquark	DynamicTreesQuark-1.20.1-2.5.3.jar
dtquark:sunny_blossom_sapling	plants_will_burn	burnt:plants_will_burn	dtquark	DynamicTreesQuark-1.20.1-2.5.3.jar
dtquark:warm_blossom_sapling	plants_will_burn	burnt:plants_will_burn	dtquark	DynamicTreesQuark-1.20.1-2.5.3.jar
dynamictrees:acacia_sapling	plants_will_burn	burnt:plants_will_burn	dynamictrees	DynamicTrees-1.20.1-1.4.10.jar
dynamictrees:apple_oak_sapling	plants_will_burn	burnt:plants_will_burn	dynamictrees	DynamicTrees-1.20.1-1.4.10.jar
dynamictrees:azalea_sapling	plants_will_burn	burnt:plants_will_burn	dynamictrees	DynamicTrees-1.20.1-1.4.10.jar
dynamictrees:birch_sapling	plants_will_burn	burnt:plants_will_burn	dynamictrees	DynamicTrees-1.20.1-1.4.10.jar
dynamictrees:cherry_sapling	plants_will_burn	burnt:plants_will_burn	dynamictrees	DynamicTrees-1.20.1-1.4.10.jar
dynamictrees:cocoa_sapling	plants_will_burn	burnt:plants_will_burn	dynamictrees	DynamicTrees-1.20.1-1.4.10.jar
dynamictrees:crimson_sapling	plants_will_burn	burnt:plants_will_burn	dynamictrees	DynamicTrees-1.20.1-1.4.10.jar
dynamictrees:dark_oak_sapling	plants_will_burn	burnt:plants_will_burn	dynamictrees	DynamicTrees-1.20.1-1.4.10.jar
dynamictrees:jungle_sapling	plants_will_burn	burnt:plants_will_burn	dynamictrees	DynamicTrees-1.20.1-1.4.10.jar
dynamictrees:mangrove_roots	plants_will_burn	burnt:plants_will_burn	dynamictrees	DynamicTrees-1.20.1-1.4.10.jar
dynamictrees:mangrove_sapling	plants_will_burn	burnt:plants_will_burn	dynamictrees	DynamicTrees-1.20.1-1.4.10.jar
dynamictrees:mega_crimson_sapling	plants_will_burn	burnt:plants_will_burn	dynamictrees	DynamicTrees-1.20.1-1.4.10.jar
dynamictrees:mega_jungle_sapling	plants_will_burn	burnt:plants_will_burn	dynamictrees	DynamicTrees-1.20.1-1.4.10.jar
dynamictrees:mega_spruce_sapling	plants_will_burn	burnt:plants_will_burn	dynamictrees	DynamicTrees-1.20.1-1.4.10.jar
dynamictrees:mega_warped_sapling	plants_will_burn	burnt:plants_will_burn	dynamictrees	DynamicTrees-1.20.1-1.4.10.jar
dynamictrees:oak_sapling	plants_will_burn	burnt:plants_will_burn	dynamictrees	DynamicTrees-1.20.1-1.4.10.jar
dynamictrees:potted_sapling	plants_will_burn	burnt:plants_will_burn	dynamictrees	DynamicTrees-1.20.1-1.4.10.jar
dynamictrees:rooty_grass_block	plants_will_burn	burnt:plants_will_burn	dynamictrees	DynamicTrees-1.20.1-1.4.10.jar
dynamictrees:rooty_mangrove_aerial_roots	plants_will_burn	burnt:plants_will_burn	dynamictrees	DynamicTrees-1.20.1-1.4.10.jar
dynamictrees:rooty_moss	plants_will_burn	burnt:plants_will_burn	dynamictrees	DynamicTrees-1.20.1-1.4.10.jar
dynamictrees:rooty_moss_block	plants_will_burn	burnt:plants_will_burn	dynamictrees	DynamicTrees-1.20.1-1.4.10.jar
dynamictrees:spruce_sapling	plants_will_burn	burnt:plants_will_burn	dynamictrees	DynamicTrees-1.20.1-1.4.10.jar
dynamictrees:stripped_crimson_branch	logs_that_burn	minecraft:logs_that_burn,minecraft:logs	dynamictrees	DynamicTrees-1.20.1-1.4.10.jar
dynamictrees:stripped_warped_branch	logs_that_burn	minecraft:logs_that_burn,minecraft:logs	dynamictrees	DynamicTrees-1.20.1-1.4.10.jar
dynamictrees:swamp_oak_sapling	plants_will_burn	burnt:plants_will_burn	dynamictrees	DynamicTrees-1.20.1-1.4.10.jar
dynamictrees:tall_birch_sapling	plants_will_burn	burnt:plants_will_burn	dynamictrees	DynamicTrees-1.20.1-1.4.10.jar
dynamictrees:warped_sapling	plants_will_burn	burnt:plants_will_burn	dynamictrees	DynamicTrees-1.20.1-1.4.10.jar
dynamictreesplus:brown_mushroom_sapling	plants_will_burn	burnt:plants_will_burn	dynamictreesplus	DynamicTreesPlus-1.20.1-1.2.2.jar
dynamictreesplus:pillar_cactus_sapling	plants_will_burn	burnt:plants_will_burn	dynamictreesplus	DynamicTreesPlus-1.20.1-1.2.2.jar
dynamictreesplus:pipe_cactus_sapling	plants_will_burn	burnt:plants_will_burn	dynamictreesplus	DynamicTreesPlus-1.20.1-1.2.2.jar
dynamictreesplus:red_mushroom_sapling	plants_will_burn	burnt:plants_will_burn	dynamictreesplus	DynamicTreesPlus-1.20.1-1.2.2.jar
dynamictreesplus:saguaro_cactus_sapling	plants_will_burn	burnt:plants_will_burn	dynamictreesplus	DynamicTreesPlus-1.20.1-1.2.2.jar
fallout_wastelands_:dried_planks	planks	minecraft:planks	fallout_wastelands_	Fallout Wasteland 1.20.1 Beta 3.8.1.jar
fallout_wastelands_:enclave_bunker_carpet	carpets	minecraft:wool_carpets	fallout_wastelands_	Fallout Wasteland 1.20.1 Beta 3.8.1.jar
fallout_wastelands_:joshua_leaves	leaves	minecraft:leaves	fallout_wastelands_	Fallout Wasteland 1.20.1 Beta 3.8.1.jar
fallout_wastelands_:joshua_log	logs_that_burn	minecraft:logs_that_burn,minecraft:logs	fallout_wastelands_	Fallout Wasteland 1.20.1 Beta 3.8.1.jar
fallout_wastelands_:joshua_log_log	logs_that_burn	minecraft:logs_that_burn,minecraft:logs	fallout_wastelands_	Fallout Wasteland 1.20.1 Beta 3.8.1.jar
fallout_wastelands_:joshua_tree_door	wooden_doors	minecraft:wooden_doors	fallout_wastelands_	Fallout Wasteland 1.20.1 Beta 3.8.1.jar
fallout_wastelands_:joshua_tree_slab	wooden_slabs	minecraft:wooden_slabs	fallout_wastelands_	Fallout Wasteland 1.20.1 Beta 3.8.1.jar
fallout_wastelands_:molder_wood_button	wooden_buttons	burnt:wooden_buttons	fallout_wastelands_	Fallout Wasteland 1.20.1 Beta 3.8.1.jar
fallout_wastelands_:molder_wood_door	wooden_doors	minecraft:wooden_doors	fallout_wastelands_	Fallout Wasteland 1.20.1 Beta 3.8.1.jar
fallout_wastelands_:molder_wood_fence	wooden_fences	minecraft:wooden_fences	fallout_wastelands_	Fallout Wasteland 1.20.1 Beta 3.8.1.jar
fallout_wastelands_:molder_wood_fence_gate	fence_gates	minecraft:fence_gates	fallout_wastelands_	Fallout Wasteland 1.20.1 Beta 3.8.1.jar
fallout_wastelands_:molder_wood_log	logs_that_burn	minecraft:logs_that_burn,minecraft:logs	fallout_wastelands_	Fallout Wasteland 1.20.1 Beta 3.8.1.jar
fallout_wastelands_:molder_wood_planks	planks	minecraft:planks	fallout_wastelands_	Fallout Wasteland 1.20.1 Beta 3.8.1.jar
fallout_wastelands_:molder_wood_pressure_plate	wooden_pressure_plates	burnt:wooden_pressure_plates	fallout_wastelands_	Fallout Wasteland 1.20.1 Beta 3.8.1.jar
fallout_wastelands_:molder_wood_slab	wooden_slabs	minecraft:wooden_slabs	fallout_wastelands_	Fallout Wasteland 1.20.1 Beta 3.8.1.jar
fallout_wastelands_:molder_wood_stairs	wooden_stairs	minecraft:wooden_stairs	fallout_wastelands_	Fallout Wasteland 1.20.1 Beta 3.8.1.jar
fallout_wastelands_:molder_wood_trapdoor	wooden_trapdoors	minecraft:wooden_trapdoors	fallout_wastelands_	Fallout Wasteland 1.20.1 Beta 3.8.1.jar
fallout_wastelands_:molder_wood_wood	logs_that_burn	minecraft:logs_that_burn,minecraft:logs	fallout_wastelands_	Fallout Wasteland 1.20.1 Beta 3.8.1.jar
fallout_wastelands_:red_painted_planks	planks	minecraft:planks	fallout_wastelands_	Fallout Wasteland 1.20.1 Beta 3.8.1.jar
fallout_wastelands_:reinforced_planks	planks	minecraft:planks	fallout_wastelands_	Fallout Wasteland 1.20.1 Beta 3.8.1.jar
fallout_wastelands_:wasteland_dried_grass	plants_will_burn	burnt:plants_will_burn	fallout_wastelands_	Fallout Wasteland 1.20.1 Beta 3.8.1.jar
farmersdelight:rice	crops	minecraft:crops,burnt:plants_will_burn	farmersdelight	FarmersDelight-1.20.1-1.3.1.jar
farmersdelight:rice_bag	crops	minecraft:crops,burnt:plants_will_burn	farmersdelight	FarmersDelight-1.20.1-1.3.1.jar
farmersdelight:rice_bale	crops	minecraft:crops,burnt:plants_will_burn	farmersdelight	FarmersDelight-1.20.1-1.3.1.jar
farmersdelight:rice_roll_medley_block	crops	minecraft:crops,burnt:plants_will_burn	farmersdelight	FarmersDelight-1.20.1-1.3.1.jar
farmersdelight:sandy_shrub	plants_will_burn	burnt:plants_will_burn	farmersdelight	FarmersDelight-1.20.1-1.3.1.jar
farmersdelight:straw_bale	plants_will_burn	burnt:plants_will_burn	farmersdelight	FarmersDelight-1.20.1-1.3.1.jar
farmersdelight:sweet_berry_cheesecake	crops	minecraft:crops,burnt:plants_will_burn	farmersdelight	FarmersDelight-1.20.1-1.3.1.jar
farmersdelight:wild_carrots	crops	minecraft:crops,burnt:plants_will_burn	farmersdelight	FarmersDelight-1.20.1-1.3.1.jar
farmersdelight:wild_potatoes	crops	minecraft:crops,burnt:plants_will_burn	farmersdelight	FarmersDelight-1.20.1-1.3.1.jar
farmersdelight:wild_rice	crops	minecraft:crops,burnt:plants_will_burn	farmersdelight	FarmersDelight-1.20.1-1.3.1.jar
iceandfire:chared_grass	plants_will_burn	burnt:plants_will_burn	iceandfire	iceandfire-2.1.13-1.20.1-beta-5.jar
iceandfire:crackled_grass	plants_will_burn	burnt:plants_will_burn	iceandfire	iceandfire-2.1.13-1.20.1-beta-5.jar
iceandfire:dreadwood_log	logs_that_burn	minecraft:logs_that_burn,minecraft:logs	iceandfire	iceandfire-2.1.13-1.20.1-beta-5.jar
iceandfire:dreadwood_planks	planks	minecraft:planks	iceandfire	iceandfire-2.1.13-1.20.1-beta-5.jar
iceandfire:fire_lily	plants_will_burn	burnt:plants_will_burn	iceandfire	iceandfire-2.1.13-1.20.1-beta-5.jar
iceandfire:frost_lily	plants_will_burn	burnt:plants_will_burn	iceandfire	iceandfire-2.1.13-1.20.1-beta-5.jar
iceandfire:frozen_grass	plants_will_burn	burnt:plants_will_burn	iceandfire	iceandfire-2.1.13-1.20.1-beta-5.jar
iceandfire:lightning_lily	plants_will_burn	burnt:plants_will_burn	iceandfire	iceandfire-2.1.13-1.20.1-beta-5.jar
immersive_weathering:acacia_leaf_pile	plants_will_burn	burnt:plants_will_burn	immersive_weathering	immersive_weathering-1.20.1-2.0.5-forge.jar
immersive_weathering:azalea_flower_pile	plants_will_burn	burnt:plants_will_burn	immersive_weathering	immersive_weathering-1.20.1-2.0.5-forge.jar
immersive_weathering:azalea_leaf_pile	plants_will_burn	burnt:plants_will_burn	immersive_weathering	immersive_weathering-1.20.1-2.0.5-forge.jar
immersive_weathering:birch_leaf_pile	plants_will_burn	burnt:plants_will_burn	immersive_weathering	immersive_weathering-1.20.1-2.0.5-forge.jar
immersive_weathering:charred_log	logs_that_burn	minecraft:logs_that_burn,minecraft:logs	immersive_weathering	immersive_weathering-1.20.1-2.0.5-forge.jar
immersive_weathering:charred_planks	planks	minecraft:planks	immersive_weathering	immersive_weathering-1.20.1-2.0.5-forge.jar
immersive_weathering:charred_slab	wooden_slabs	minecraft:wooden_slabs	immersive_weathering	immersive_weathering-1.20.1-2.0.5-forge.jar
immersive_weathering:charred_stairs	wooden_stairs	minecraft:wooden_stairs	immersive_weathering	immersive_weathering-1.20.1-2.0.5-forge.jar
immersive_weathering:cherry_leaf_pile	plants_will_burn	burnt:plants_will_burn	immersive_weathering	immersive_weathering-1.20.1-2.0.5-forge.jar
immersive_weathering:dark_oak_leaf_pile	plants_will_burn	burnt:plants_will_burn	immersive_weathering	immersive_weathering-1.20.1-2.0.5-forge.jar
immersive_weathering:dune_grass	plants_will_burn	burnt:plants_will_burn	immersive_weathering	immersive_weathering-1.20.1-2.0.5-forge.jar
immersive_weathering:flowering_azalea_leaf_pile	plants_will_burn	burnt:plants_will_burn	immersive_weathering	immersive_weathering-1.20.1-2.0.5-forge.jar
immersive_weathering:frosty_fern	plants_will_burn	burnt:plants_will_burn	immersive_weathering	immersive_weathering-1.20.1-2.0.5-forge.jar
immersive_weathering:frosty_grass	plants_will_burn	burnt:plants_will_burn	immersive_weathering	immersive_weathering-1.20.1-2.0.5-forge.jar
immersive_weathering:ivy	plants_will_burn	burnt:plants_will_burn	immersive_weathering	immersive_weathering-1.20.1-2.0.5-forge.jar
immersive_weathering:jungle_leaf_pile	plants_will_burn	burnt:plants_will_burn	immersive_weathering	immersive_weathering-1.20.1-2.0.5-forge.jar
immersive_weathering:mangrove_leaf_pile	plants_will_burn	burnt:plants_will_burn	immersive_weathering	immersive_weathering-1.20.1-2.0.5-forge.jar
immersive_weathering:moss	plants_will_burn	burnt:plants_will_burn	immersive_weathering	immersive_weathering-1.20.1-2.0.5-forge.jar
immersive_weathering:oak_leaf_pile	plants_will_burn	burnt:plants_will_burn	immersive_weathering	immersive_weathering-1.20.1-2.0.5-forge.jar
immersive_weathering:rooted_grass_block	plants_will_burn	burnt:plants_will_burn	immersive_weathering	immersive_weathering-1.20.1-2.0.5-forge.jar
immersive_weathering:spruce_leaf_pile	plants_will_burn	burnt:plants_will_burn	immersive_weathering	immersive_weathering-1.20.1-2.0.5-forge.jar
natures_spirit:aspen_button	wooden_buttons	burnt:wooden_buttons	natures_spirit	natures_spirit-2.2.5-1.20.1.jar
natures_spirit:aspen_pressure_plate	wooden_pressure_plates	burnt:wooden_pressure_plates	natures_spirit	natures_spirit-2.2.5-1.20.1.jar
natures_spirit:aspen_sapling	plants_will_burn	burnt:plants_will_burn	natures_spirit	natures_spirit-2.2.5-1.20.1.jar
natures_spirit:beach_grass	plants_will_burn	burnt:plants_will_burn	natures_spirit	natures_spirit-2.2.5-1.20.1.jar
natures_spirit:blue_wisteria_sapling	plants_will_burn	burnt:plants_will_burn	natures_spirit	natures_spirit-2.2.5-1.20.1.jar
natures_spirit:blue_wisteria_vines	plants_will_burn	burnt:plants_will_burn	natures_spirit	natures_spirit-2.2.5-1.20.1.jar
natures_spirit:cattail	plants_will_burn	burnt:plants_will_burn	natures_spirit	natures_spirit-2.2.5-1.20.1.jar
natures_spirit:cedar_button	wooden_buttons	burnt:wooden_buttons	natures_spirit	natures_spirit-2.2.5-1.20.1.jar
natures_spirit:cedar_pressure_plate	wooden_pressure_plates	burnt:wooden_pressure_plates	natures_spirit	natures_spirit-2.2.5-1.20.1.jar
natures_spirit:cedar_sapling	plants_will_burn	burnt:plants_will_burn	natures_spirit	natures_spirit-2.2.5-1.20.1.jar
natures_spirit:coconut_button	wooden_buttons	burnt:wooden_buttons	natures_spirit	natures_spirit-2.2.5-1.20.1.jar
natures_spirit:coconut_mosaic_slab	wooden_slabs	minecraft:wooden_slabs	natures_spirit	natures_spirit-2.2.5-1.20.1.jar
natures_spirit:coconut_mosaic_stairs	wooden_stairs	minecraft:wooden_stairs	natures_spirit	natures_spirit-2.2.5-1.20.1.jar
natures_spirit:coconut_pressure_plate	wooden_pressure_plates	burnt:wooden_pressure_plates	natures_spirit	natures_spirit-2.2.5-1.20.1.jar
natures_spirit:coconut_sprout	plants_will_burn	burnt:plants_will_burn	natures_spirit	natures_spirit-2.2.5-1.20.1.jar
natures_spirit:coconut_thatch	plants_will_burn	burnt:plants_will_burn	natures_spirit	natures_spirit-2.2.5-1.20.1.jar
natures_spirit:coconut_thatch_carpet	carpets	minecraft:wool_carpets	natures_spirit	natures_spirit-2.2.5-1.20.1.jar
natures_spirit:coconut_thatch_slab	wooden_slabs	minecraft:wooden_slabs	natures_spirit	natures_spirit-2.2.5-1.20.1.jar
natures_spirit:coconut_thatch_stairs	wooden_stairs	minecraft:wooden_stairs	natures_spirit	natures_spirit-2.2.5-1.20.1.jar
natures_spirit:cypress_button	wooden_buttons	burnt:wooden_buttons	natures_spirit	natures_spirit-2.2.5-1.20.1.jar
natures_spirit:cypress_pressure_plate	wooden_pressure_plates	burnt:wooden_pressure_plates	natures_spirit	natures_spirit-2.2.5-1.20.1.jar
natures_spirit:cypress_sapling	plants_will_burn	burnt:plants_will_burn	natures_spirit	natures_spirit-2.2.5-1.20.1.jar
natures_spirit:evergreen_thatch	plants_will_burn	burnt:plants_will_burn	natures_spirit	natures_spirit-2.2.5-1.20.1.jar
natures_spirit:evergreen_thatch_carpet	carpets	minecraft:wool_carpets	natures_spirit	natures_spirit-2.2.5-1.20.1.jar
natures_spirit:evergreen_thatch_slab	wooden_slabs	minecraft:wooden_slabs	natures_spirit	natures_spirit-2.2.5-1.20.1.jar
natures_spirit:evergreen_thatch_stairs	wooden_stairs	minecraft:wooden_stairs	natures_spirit	natures_spirit-2.2.5-1.20.1.jar
natures_spirit:fir_button	wooden_buttons	burnt:wooden_buttons	natures_spirit	natures_spirit-2.2.5-1.20.1.jar
natures_spirit:fir_pressure_plate	wooden_pressure_plates	burnt:wooden_pressure_plates	natures_spirit	natures_spirit-2.2.5-1.20.1.jar
natures_spirit:fir_sapling	plants_will_burn	burnt:plants_will_burn	natures_spirit	natures_spirit-2.2.5-1.20.1.jar
natures_spirit:flaxen_fern	plants_will_burn	burnt:plants_will_burn	natures_spirit	natures_spirit-2.2.5-1.20.1.jar
natures_spirit:frigid_grass	plants_will_burn	burnt:plants_will_burn	natures_spirit	natures_spirit-2.2.5-1.20.1.jar
natures_spirit:ghaf_button	wooden_buttons	burnt:wooden_buttons	natures_spirit	natures_spirit-2.2.5-1.20.1.jar
natures_spirit:ghaf_pressure_plate	wooden_pressure_plates	burnt:wooden_pressure_plates	natures_spirit	natures_spirit-2.2.5-1.20.1.jar
natures_spirit:ghaf_sapling	plants_will_burn	burnt:plants_will_burn	natures_spirit	natures_spirit-2.2.5-1.20.1.jar
natures_spirit:joshua_button	wooden_buttons	burnt:wooden_buttons	natures_spirit	natures_spirit-2.2.5-1.20.1.jar
natures_spirit:joshua_mosaic_slab	wooden_slabs	minecraft:wooden_slabs	natures_spirit	natures_spirit-2.2.5-1.20.1.jar
natures_spirit:joshua_mosaic_stairs	wooden_stairs	minecraft:wooden_stairs	natures_spirit	natures_spirit-2.2.5-1.20.1.jar
natures_spirit:joshua_pressure_plate	wooden_pressure_plates	burnt:wooden_pressure_plates	natures_spirit	natures_spirit-2.2.5-1.20.1.jar
natures_spirit:joshua_sapling	plants_will_burn	burnt:plants_will_burn	natures_spirit	natures_spirit-2.2.5-1.20.1.jar
natures_spirit:larch_button	wooden_buttons	burnt:wooden_buttons	natures_spirit	natures_spirit-2.2.5-1.20.1.jar
natures_spirit:larch_pressure_plate	wooden_pressure_plates	burnt:wooden_pressure_plates	natures_spirit	natures_spirit-2.2.5-1.20.1.jar
natures_spirit:larch_sapling	plants_will_burn	burnt:plants_will_burn	natures_spirit	natures_spirit-2.2.5-1.20.1.jar
natures_spirit:large_flaxen_fern	plants_will_burn	burnt:plants_will_burn	natures_spirit	natures_spirit-2.2.5-1.20.1.jar
natures_spirit:large_lush_fern	plants_will_burn	burnt:plants_will_burn	natures_spirit	natures_spirit-2.2.5-1.20.1.jar
natures_spirit:lotus_flower	plants_will_burn	burnt:plants_will_burn	natures_spirit	natures_spirit-2.2.5-1.20.1.jar
natures_spirit:lotus_stem	logs_that_burn	minecraft:logs_that_burn,minecraft:logs	natures_spirit	natures_spirit-2.2.5-1.20.1.jar
natures_spirit:lush_fern	plants_will_burn	burnt:plants_will_burn	natures_spirit	natures_spirit-2.2.5-1.20.1.jar
natures_spirit:mahogany_button	wooden_buttons	burnt:wooden_buttons	natures_spirit	natures_spirit-2.2.5-1.20.1.jar
natures_spirit:mahogany_mosaic_slab	wooden_slabs	minecraft:wooden_slabs	natures_spirit	natures_spirit-2.2.5-1.20.1.jar
natures_spirit:mahogany_mosaic_stairs	wooden_stairs	minecraft:wooden_stairs	natures_spirit	natures_spirit-2.2.5-1.20.1.jar
natures_spirit:mahogany_pressure_plate	wooden_pressure_plates	burnt:wooden_pressure_plates	natures_spirit	natures_spirit-2.2.5-1.20.1.jar
natures_spirit:mahogany_sapling	plants_will_burn	burnt:plants_will_burn	natures_spirit	natures_spirit-2.2.5-1.20.1.jar
natures_spirit:maple_button	wooden_buttons	burnt:wooden_buttons	natures_spirit	natures_spirit-2.2.5-1.20.1.jar
natures_spirit:maple_pressure_plate	wooden_pressure_plates	burnt:wooden_pressure_plates	natures_spirit	natures_spirit-2.2.5-1.20.1.jar
natures_spirit:melic_grass	plants_will_burn	burnt:plants_will_burn	natures_spirit	natures_spirit-2.2.5-1.20.1.jar
natures_spirit:oat_grass	plants_will_burn	burnt:plants_will_burn	natures_spirit	natures_spirit-2.2.5-1.20.1.jar
natures_spirit:olive_branch	logs_that_burn	minecraft:logs_that_burn,minecraft:logs	natures_spirit	natures_spirit-2.2.5-1.20.1.jar
natures_spirit:olive_button	wooden_buttons	burnt:wooden_buttons	natures_spirit	natures_spirit-2.2.5-1.20.1.jar
natures_spirit:olive_pressure_plate	wooden_pressure_plates	burnt:wooden_pressure_plates	natures_spirit	natures_spirit-2.2.5-1.20.1.jar
natures_spirit:olive_sapling	plants_will_burn	burnt:plants_will_burn	natures_spirit	natures_spirit-2.2.5-1.20.1.jar
natures_spirit:orange_maple_sapling	plants_will_burn	burnt:plants_will_burn	natures_spirit	natures_spirit-2.2.5-1.20.1.jar
natures_spirit:palo_verde_button	wooden_buttons	burnt:wooden_buttons	natures_spirit	natures_spirit-2.2.5-1.20.1.jar
natures_spirit:palo_verde_pressure_plate	wooden_pressure_plates	burnt:wooden_pressure_plates	natures_spirit	natures_spirit-2.2.5-1.20.1.jar
natures_spirit:palo_verde_sapling	plants_will_burn	burnt:plants_will_burn	natures_spirit	natures_spirit-2.2.5-1.20.1.jar
natures_spirit:pink_wisteria_sapling	plants_will_burn	burnt:plants_will_burn	natures_spirit	natures_spirit-2.2.5-1.20.1.jar
natures_spirit:pink_wisteria_vines	plants_will_burn	burnt:plants_will_burn	natures_spirit	natures_spirit-2.2.5-1.20.1.jar
natures_spirit:potted_aspen_sapling	plants_will_burn	burnt:plants_will_burn	natures_spirit	natures_spirit-2.2.5-1.20.1.jar
natures_spirit:potted_beach_grass	plants_will_burn	burnt:plants_will_burn	natures_spirit	natures_spirit-2.2.5-1.20.1.jar
natures_spirit:potted_blue_wisteria_sapling	plants_will_burn	burnt:plants_will_burn	natures_spirit	natures_spirit-2.2.5-1.20.1.jar
natures_spirit:potted_cedar_sapling	plants_will_burn	burnt:plants_will_burn	natures_spirit	natures_spirit-2.2.5-1.20.1.jar
natures_spirit:potted_cypress_sapling	plants_will_burn	burnt:plants_will_burn	natures_spirit	natures_spirit-2.2.5-1.20.1.jar
natures_spirit:potted_fir_sapling	plants_will_burn	burnt:plants_will_burn	natures_spirit	natures_spirit-2.2.5-1.20.1.jar
natures_spirit:potted_flaxen_fern	plants_will_burn	burnt:plants_will_burn	natures_spirit	natures_spirit-2.2.5-1.20.1.jar
natures_spirit:potted_frigid_grass	plants_will_burn	burnt:plants_will_burn	natures_spirit	natures_spirit-2.2.5-1.20.1.jar
natures_spirit:potted_ghaf_sapling	plants_will_burn	burnt:plants_will_burn	natures_spirit	natures_spirit-2.2.5-1.20.1.jar
natures_spirit:potted_joshua_sapling	plants_will_burn	burnt:plants_will_burn	natures_spirit	natures_spirit-2.2.5-1.20.1.jar
natures_spirit:potted_larch_sapling	plants_will_burn	burnt:plants_will_burn	natures_spirit	natures_spirit-2.2.5-1.20.1.jar
natures_spirit:potted_lush_fern	plants_will_burn	burnt:plants_will_burn	natures_spirit	natures_spirit-2.2.5-1.20.1.jar
natures_spirit:potted_mahogany_sapling	plants_will_burn	burnt:plants_will_burn	natures_spirit	natures_spirit-2.2.5-1.20.1.jar
natures_spirit:potted_melic_grass	plants_will_burn	burnt:plants_will_burn	natures_spirit	natures_spirit-2.2.5-1.20.1.jar
natures_spirit:potted_oat_grass	plants_will_burn	burnt:plants_will_burn	natures_spirit	natures_spirit-2.2.5-1.20.1.jar
natures_spirit:potted_olive_sapling	plants_will_burn	burnt:plants_will_burn	natures_spirit	natures_spirit-2.2.5-1.20.1.jar
natures_spirit:potted_orange_maple_sapling	plants_will_burn	burnt:plants_will_burn	natures_spirit	natures_spirit-2.2.5-1.20.1.jar
natures_spirit:potted_palo_verde_sapling	plants_will_burn	burnt:plants_will_burn	natures_spirit	natures_spirit-2.2.5-1.20.1.jar
natures_spirit:potted_pink_wisteria_sapling	plants_will_burn	burnt:plants_will_burn	natures_spirit	natures_spirit-2.2.5-1.20.1.jar
natures_spirit:potted_purple_wisteria_sapling	plants_will_burn	burnt:plants_will_burn	natures_spirit	natures_spirit-2.2.5-1.20.1.jar
natures_spirit:potted_red_maple_sapling	plants_will_burn	burnt:plants_will_burn	natures_spirit	natures_spirit-2.2.5-1.20.1.jar
natures_spirit:potted_redwood_sapling	plants_will_burn	burnt:plants_will_burn	natures_spirit	natures_spirit-2.2.5-1.20.1.jar
natures_spirit:potted_saxaul_sapling	plants_will_burn	burnt:plants_will_burn	natures_spirit	natures_spirit-2.2.5-1.20.1.jar
natures_spirit:potted_scorched_grass	plants_will_burn	burnt:plants_will_burn	natures_spirit	natures_spirit-2.2.5-1.20.1.jar
natures_spirit:potted_sedge_grass	plants_will_burn	burnt:plants_will_burn	natures_spirit	natures_spirit-2.2.5-1.20.1.jar
natures_spirit:potted_shiitake_mushroom	plants_will_burn	burnt:plants_will_burn	natures_spirit	natures_spirit-2.2.5-1.20.1.jar
natures_spirit:potted_sugi_sapling	plants_will_burn	burnt:plants_will_burn	natures_spirit	natures_spirit-2.2.5-1.20.1.jar
natures_spirit:potted_tiger_lily	plants_will_burn	burnt:plants_will_burn	natures_spirit	natures_spirit-2.2.5-1.20.1.jar
natures_spirit:potted_white_wisteria_sapling	plants_will_burn	burnt:plants_will_burn	natures_spirit	natures_spirit-2.2.5-1.20.1.jar
natures_spirit:potted_willow_sapling	plants_will_burn	burnt:plants_will_burn	natures_spirit	natures_spirit-2.2.5-1.20.1.jar
natures_spirit:potted_yellow_maple_sapling	plants_will_burn	burnt:plants_will_burn	natures_spirit	natures_spirit-2.2.5-1.20.1.jar
natures_spirit:purple_wisteria_sapling	plants_will_burn	burnt:plants_will_burn	natures_spirit	natures_spirit-2.2.5-1.20.1.jar
natures_spirit:purple_wisteria_vines	plants_will_burn	burnt:plants_will_burn	natures_spirit	natures_spirit-2.2.5-1.20.1.jar
natures_spirit:red_maple_sapling	plants_will_burn	burnt:plants_will_burn	natures_spirit	natures_spirit-2.2.5-1.20.1.jar
natures_spirit:red_moss_block	plants_will_burn	burnt:plants_will_burn	natures_spirit	natures_spirit-2.2.5-1.20.1.jar
natures_spirit:red_moss_carpet	carpets	minecraft:wool_carpets	natures_spirit	natures_spirit-2.2.5-1.20.1.jar
natures_spirit:redwood_button	wooden_buttons	burnt:wooden_buttons	natures_spirit	natures_spirit-2.2.5-1.20.1.jar
natures_spirit:redwood_pressure_plate	wooden_pressure_plates	burnt:wooden_pressure_plates	natures_spirit	natures_spirit-2.2.5-1.20.1.jar
natures_spirit:redwood_sapling	plants_will_burn	burnt:plants_will_burn	natures_spirit	natures_spirit-2.2.5-1.20.1.jar
natures_spirit:saxaul_button	wooden_buttons	burnt:wooden_buttons	natures_spirit	natures_spirit-2.2.5-1.20.1.jar
natures_spirit:saxaul_pressure_plate	wooden_pressure_plates	burnt:wooden_pressure_plates	natures_spirit	natures_spirit-2.2.5-1.20.1.jar
natures_spirit:saxaul_sapling	plants_will_burn	burnt:plants_will_burn	natures_spirit	natures_spirit-2.2.5-1.20.1.jar
natures_spirit:scorched_grass	plants_will_burn	burnt:plants_will_burn	natures_spirit	natures_spirit-2.2.5-1.20.1.jar
natures_spirit:sedge_grass	plants_will_burn	burnt:plants_will_burn	natures_spirit	natures_spirit-2.2.5-1.20.1.jar
natures_spirit:shiitake_mushroom	plants_will_burn	burnt:plants_will_burn	natures_spirit	natures_spirit-2.2.5-1.20.1.jar
natures_spirit:shiitake_mushroom_block	mushroom_blocks	forge:mushroom_blocks	natures_spirit	natures_spirit-2.2.5-1.20.1.jar
natures_spirit:sugi_button	wooden_buttons	burnt:wooden_buttons	natures_spirit	natures_spirit-2.2.5-1.20.1.jar
natures_spirit:sugi_mosaic_slab	wooden_slabs	minecraft:wooden_slabs	natures_spirit	natures_spirit-2.2.5-1.20.1.jar
natures_spirit:sugi_mosaic_stairs	wooden_stairs	minecraft:wooden_stairs	natures_spirit	natures_spirit-2.2.5-1.20.1.jar
natures_spirit:sugi_pressure_plate	wooden_pressure_plates	burnt:wooden_pressure_plates	natures_spirit	natures_spirit-2.2.5-1.20.1.jar
natures_spirit:sugi_sapling	plants_will_burn	burnt:plants_will_burn	natures_spirit	natures_spirit-2.2.5-1.20.1.jar
natures_spirit:tall_beach_grass	plants_will_burn	burnt:plants_will_burn	natures_spirit	natures_spirit-2.2.5-1.20.1.jar
natures_spirit:tall_frigid_grass	plants_will_burn	burnt:plants_will_burn	natures_spirit	natures_spirit-2.2.5-1.20.1.jar
natures_spirit:tall_melic_grass	plants_will_burn	burnt:plants_will_burn	natures_spirit	natures_spirit-2.2.5-1.20.1.jar
natures_spirit:tall_oat_grass	plants_will_burn	burnt:plants_will_burn	natures_spirit	natures_spirit-2.2.5-1.20.1.jar
natures_spirit:tall_scorched_grass	plants_will_burn	burnt:plants_will_burn	natures_spirit	natures_spirit-2.2.5-1.20.1.jar
natures_spirit:tall_sedge_grass	plants_will_burn	burnt:plants_will_burn	natures_spirit	natures_spirit-2.2.5-1.20.1.jar
natures_spirit:tiger_lily	plants_will_burn	burnt:plants_will_burn	natures_spirit	natures_spirit-2.2.5-1.20.1.jar
natures_spirit:white_wisteria_sapling	plants_will_burn	burnt:plants_will_burn	natures_spirit	natures_spirit-2.2.5-1.20.1.jar
natures_spirit:white_wisteria_vines	plants_will_burn	burnt:plants_will_burn	natures_spirit	natures_spirit-2.2.5-1.20.1.jar
natures_spirit:willow_button	wooden_buttons	burnt:wooden_buttons	natures_spirit	natures_spirit-2.2.5-1.20.1.jar
natures_spirit:willow_pressure_plate	wooden_pressure_plates	burnt:wooden_pressure_plates	natures_spirit	natures_spirit-2.2.5-1.20.1.jar
natures_spirit:willow_sapling	plants_will_burn	burnt:plants_will_burn	natures_spirit	natures_spirit-2.2.5-1.20.1.jar
natures_spirit:willow_vines	plants_will_burn	burnt:plants_will_burn	natures_spirit	natures_spirit-2.2.5-1.20.1.jar
natures_spirit:wisteria_button	wooden_buttons	burnt:wooden_buttons	natures_spirit	natures_spirit-2.2.5-1.20.1.jar
natures_spirit:wisteria_mosaic_slab	wooden_slabs	minecraft:wooden_slabs	natures_spirit	natures_spirit-2.2.5-1.20.1.jar
natures_spirit:wisteria_mosaic_stairs	wooden_stairs	minecraft:wooden_stairs	natures_spirit	natures_spirit-2.2.5-1.20.1.jar
natures_spirit:wisteria_pressure_plate	wooden_pressure_plates	burnt:wooden_pressure_plates	natures_spirit	natures_spirit-2.2.5-1.20.1.jar
natures_spirit:xeric_thatch	plants_will_burn	burnt:plants_will_burn	natures_spirit	natures_spirit-2.2.5-1.20.1.jar
natures_spirit:xeric_thatch_carpet	carpets	minecraft:wool_carpets	natures_spirit	natures_spirit-2.2.5-1.20.1.jar
natures_spirit:xeric_thatch_slab	wooden_slabs	minecraft:wooden_slabs	natures_spirit	natures_spirit-2.2.5-1.20.1.jar
natures_spirit:xeric_thatch_stairs	wooden_stairs	minecraft:wooden_stairs	natures_spirit	natures_spirit-2.2.5-1.20.1.jar
natures_spirit:yellow_maple_sapling	plants_will_burn	burnt:plants_will_burn	natures_spirit	natures_spirit-2.2.5-1.20.1.jar
quark:acacia_leaf_carpet	carpets	minecraft:wool_carpets	quark	Quark-4.0-462.jar
quark:ancient_button	wooden_buttons	burnt:wooden_buttons	quark	Quark-4.0-462.jar
quark:ancient_fence_gate	fence_gates	minecraft:fence_gates	quark	Quark-4.0-462.jar
quark:ancient_leaf_carpet	carpets	minecraft:wool_carpets	quark	Quark-4.0-462.jar
quark:ancient_planks_vertical_slab	wooden_slabs	minecraft:wooden_slabs	quark	Quark-4.0-462.jar
quark:ancient_pressure_plate	wooden_pressure_plates	burnt:wooden_pressure_plates	quark	Quark-4.0-462.jar
quark:ancient_sapling	plants_will_burn	burnt:plants_will_burn	quark	Quark-4.0-462.jar
quark:azalea_bookshelf	plants_will_burn	burnt:plants_will_burn	quark	Quark-4.0-462.jar
quark:azalea_button	wooden_buttons	burnt:wooden_buttons	quark	Quark-4.0-462.jar
quark:azalea_fence_gate	fence_gates	minecraft:fence_gates	quark	Quark-4.0-462.jar
quark:azalea_hedge	plants_will_burn	burnt:plants_will_burn	quark	Quark-4.0-462.jar
quark:azalea_ladder	plants_will_burn	burnt:plants_will_burn	quark	Quark-4.0-462.jar
quark:azalea_leaf_carpet	carpets	minecraft:wool_carpets	quark	Quark-4.0-462.jar
quark:azalea_planks_vertical_slab	wooden_slabs	minecraft:wooden_slabs	quark	Quark-4.0-462.jar
quark:azalea_post	plants_will_burn	burnt:plants_will_burn	quark	Quark-4.0-462.jar
quark:azalea_pressure_plate	wooden_pressure_plates	burnt:wooden_pressure_plates	quark	Quark-4.0-462.jar
quark:bamboo_mat_carpet	carpets	minecraft:wool_carpets	quark	Quark-4.0-462.jar
quark:bamboo_mosaic_vertical_slab	wooden_slabs	minecraft:wooden_slabs	quark	Quark-4.0-462.jar
quark:bamboo_vertical_slab	wooden_slabs	minecraft:wooden_slabs	quark	Quark-4.0-462.jar
quark:birch_leaf_carpet	carpets	minecraft:wool_carpets	quark	Quark-4.0-462.jar
quark:blossom_bookshelf	plants_will_burn	burnt:plants_will_burn	quark	Quark-4.0-462.jar
quark:blossom_button	wooden_buttons	burnt:wooden_buttons	quark	Quark-4.0-462.jar
quark:blossom_fence_gate	fence_gates	minecraft:fence_gates	quark	Quark-4.0-462.jar
quark:blossom_ladder	plants_will_burn	burnt:plants_will_burn	quark	Quark-4.0-462.jar
quark:blossom_planks_vertical_slab	wooden_slabs	minecraft:wooden_slabs	quark	Quark-4.0-462.jar
quark:blossom_post	plants_will_burn	burnt:plants_will_burn	quark	Quark-4.0-462.jar
quark:blossom_pressure_plate	wooden_pressure_plates	burnt:wooden_pressure_plates	quark	Quark-4.0-462.jar
quark:blue_blossom_hedge	plants_will_burn	burnt:plants_will_burn	quark	Quark-4.0-462.jar
quark:blue_blossom_leaf_carpet	carpets	minecraft:wool_carpets	quark	Quark-4.0-462.jar
quark:blue_blossom_sapling	plants_will_burn	burnt:plants_will_burn	quark	Quark-4.0-462.jar
quark:cherry_leaf_carpet	carpets	minecraft:wool_carpets	quark	Quark-4.0-462.jar
quark:cut_vine	plants_will_burn	burnt:plants_will_burn	quark	Quark-4.0-462.jar
quark:dark_oak_leaf_carpet	carpets	minecraft:wool_carpets	quark	Quark-4.0-462.jar
quark:flowering_azalea_hedge	plants_will_burn	burnt:plants_will_burn	quark	Quark-4.0-462.jar
quark:flowering_azalea_leaf_carpet	carpets	minecraft:wool_carpets	quark	Quark-4.0-462.jar
quark:glow_shroom_block	mushroom_blocks	forge:mushroom_blocks	quark	Quark-4.0-462.jar
quark:glow_shroom_stem	logs_that_burn	minecraft:logs_that_burn,minecraft:logs	quark	Quark-4.0-462.jar
quark:hollow_acacia_log	logs_that_burn	minecraft:logs_that_burn,minecraft:logs	quark	Quark-4.0-462.jar
quark:hollow_ancient_log	logs_that_burn	minecraft:logs_that_burn,minecraft:logs	quark	Quark-4.0-462.jar
quark:hollow_azalea_log	logs_that_burn	minecraft:logs_that_burn,minecraft:logs	quark	Quark-4.0-462.jar
quark:hollow_birch_log	logs_that_burn	minecraft:logs_that_burn,minecraft:logs	quark	Quark-4.0-462.jar
quark:hollow_blossom_log	logs_that_burn	minecraft:logs_that_burn,minecraft:logs	quark	Quark-4.0-462.jar
quark:hollow_cherry_log	logs_that_burn	minecraft:logs_that_burn,minecraft:logs	quark	Quark-4.0-462.jar
quark:hollow_crimson_stem	logs_that_burn	minecraft:logs_that_burn,minecraft:logs	quark	Quark-4.0-462.jar
quark:hollow_dark_oak_log	logs_that_burn	minecraft:logs_that_burn,minecraft:logs	quark	Quark-4.0-462.jar
quark:hollow_jungle_log	logs_that_burn	minecraft:logs_that_burn,minecraft:logs	quark	Quark-4.0-462.jar
quark:hollow_mangrove_log	logs_that_burn	minecraft:logs_that_burn,minecraft:logs	quark	Quark-4.0-462.jar
quark:hollow_oak_log	logs_that_burn	minecraft:logs_that_burn,minecraft:logs	quark	Quark-4.0-462.jar
quark:hollow_spruce_log	logs_that_burn	minecraft:logs_that_burn,minecraft:logs	quark	Quark-4.0-462.jar
quark:hollow_warped_stem	logs_that_burn	minecraft:logs_that_burn,minecraft:logs	quark	Quark-4.0-462.jar
quark:jungle_leaf_carpet	carpets	minecraft:wool_carpets	quark	Quark-4.0-462.jar
quark:lavender_blossom_hedge	plants_will_burn	burnt:plants_will_burn	quark	Quark-4.0-462.jar
quark:lavender_blossom_leaf_carpet	carpets	minecraft:wool_carpets	quark	Quark-4.0-462.jar
quark:lavender_blossom_sapling	plants_will_burn	burnt:plants_will_burn	quark	Quark-4.0-462.jar
quark:mangrove_leaf_carpet	carpets	minecraft:wool_carpets	quark	Quark-4.0-462.jar
quark:oak_leaf_carpet	carpets	minecraft:wool_carpets	quark	Quark-4.0-462.jar
quark:orange_blossom_hedge	plants_will_burn	burnt:plants_will_burn	quark	Quark-4.0-462.jar
quark:orange_blossom_leaf_carpet	carpets	minecraft:wool_carpets	quark	Quark-4.0-462.jar
quark:orange_blossom_sapling	plants_will_burn	burnt:plants_will_burn	quark	Quark-4.0-462.jar
quark:potted_ancient_sapling	plants_will_burn	burnt:plants_will_burn	quark	Quark-4.0-462.jar
quark:potted_beetroot	crops	minecraft:crops,burnt:plants_will_burn	quark	Quark-4.0-462.jar
quark:potted_blue_blossom_sapling	plants_will_burn	burnt:plants_will_burn	quark	Quark-4.0-462.jar
quark:potted_cave_vines	plants_will_burn	burnt:plants_will_burn	quark	Quark-4.0-462.jar
quark:potted_cocoa_bean	crops	minecraft:crops,burnt:plants_will_burn	quark	Quark-4.0-462.jar
quark:potted_grass	plants_will_burn	burnt:plants_will_burn	quark	Quark-4.0-462.jar
quark:potted_large_fern	plants_will_burn	burnt:plants_will_burn	quark	Quark-4.0-462.jar
quark:potted_lavender_blossom_sapling	plants_will_burn	burnt:plants_will_burn	quark	Quark-4.0-462.jar
quark:potted_orange_blossom_sapling	plants_will_burn	burnt:plants_will_burn	quark	Quark-4.0-462.jar
quark:potted_red_blossom_sapling	plants_will_burn	burnt:plants_will_burn	quark	Quark-4.0-462.jar
quark:potted_sugar_cane	plants_will_burn	burnt:plants_will_burn	quark	Quark-4.0-462.jar
quark:potted_tall_grass	plants_will_burn	burnt:plants_will_burn	quark	Quark-4.0-462.jar
quark:potted_twisting_vines	plants_will_burn	burnt:plants_will_burn	quark	Quark-4.0-462.jar
quark:potted_vine	plants_will_burn	burnt:plants_will_burn	quark	Quark-4.0-462.jar
quark:potted_weeping_vines	plants_will_burn	burnt:plants_will_burn	quark	Quark-4.0-462.jar
quark:potted_wheat	crops	minecraft:crops,burnt:plants_will_burn	quark	Quark-4.0-462.jar
quark:potted_yellow_blossom_sapling	plants_will_burn	burnt:plants_will_burn	quark	Quark-4.0-462.jar
quark:red_blossom_hedge	plants_will_burn	burnt:plants_will_burn	quark	Quark-4.0-462.jar
quark:red_blossom_leaf_carpet	carpets	minecraft:wool_carpets	quark	Quark-4.0-462.jar
quark:red_blossom_sapling	plants_will_burn	burnt:plants_will_burn	quark	Quark-4.0-462.jar
quark:spruce_leaf_carpet	carpets	minecraft:wool_carpets	quark	Quark-4.0-462.jar
quark:stripped_azalea_post	plants_will_burn	burnt:plants_will_burn	quark	Quark-4.0-462.jar
quark:stripped_blossom_post	plants_will_burn	burnt:plants_will_burn	quark	Quark-4.0-462.jar
quark:sugar_cane_block	plants_will_burn	burnt:plants_will_burn	quark	Quark-4.0-462.jar
quark:thatch	plants_will_burn	burnt:plants_will_burn	quark	Quark-4.0-462.jar
quark:thatch_slab	wooden_slabs	minecraft:wooden_slabs	quark	Quark-4.0-462.jar
quark:thatch_stairs	wooden_stairs	minecraft:wooden_stairs	quark	Quark-4.0-462.jar
quark:thatch_vertical_slab	wooden_slabs	minecraft:wooden_slabs	quark	Quark-4.0-462.jar
quark:yellow_blossom_hedge	plants_will_burn	burnt:plants_will_burn	quark	Quark-4.0-462.jar
quark:yellow_blossom_leaf_carpet	carpets	minecraft:wool_carpets	quark	Quark-4.0-462.jar
quark:yellow_blossom_sapling	plants_will_burn	burnt:plants_will_burn	quark	Quark-4.0-462.jar
tconstruct:beetroot_soup_fluid	crops	minecraft:crops,burnt:plants_will_burn	tconstruct	TConstruct-1.20.1-3.11.2.166.jar
tconstruct:blazewood_fence	wooden_fences	minecraft:wooden_fences	tconstruct	TConstruct-1.20.1-3.11.2.166.jar
tconstruct:blazewood_slab	wooden_slabs	minecraft:wooden_slabs	tconstruct	TConstruct-1.20.1-3.11.2.166.jar
tconstruct:blazewood_stairs	wooden_stairs	minecraft:wooden_stairs	tconstruct	TConstruct-1.20.1-3.11.2.166.jar
tconstruct:blood_earth_slime_grass	plants_will_burn	burnt:plants_will_burn	tconstruct	TConstruct-1.20.1-3.11.2.166.jar
tconstruct:blood_ender_slime_grass	plants_will_burn	burnt:plants_will_burn	tconstruct	TConstruct-1.20.1-3.11.2.166.jar
tconstruct:blood_ichor_slime_grass	plants_will_burn	burnt:plants_will_burn	tconstruct	TConstruct-1.20.1-3.11.2.166.jar
tconstruct:blood_sky_slime_grass	plants_will_burn	burnt:plants_will_burn	tconstruct	TConstruct-1.20.1-3.11.2.166.jar
tconstruct:blood_slime_fern	plants_will_burn	burnt:plants_will_burn	tconstruct	TConstruct-1.20.1-3.11.2.166.jar
tconstruct:blood_slime_leaves	leaves	minecraft:leaves	tconstruct	TConstruct-1.20.1-3.11.2.166.jar
tconstruct:blood_slime_sapling	plants_will_burn	burnt:plants_will_burn	tconstruct	TConstruct-1.20.1-3.11.2.166.jar
tconstruct:blood_slime_tall_grass	plants_will_burn	burnt:plants_will_burn	tconstruct	TConstruct-1.20.1-3.11.2.166.jar
tconstruct:blood_vanilla_slime_grass	plants_will_burn	burnt:plants_will_burn	tconstruct	TConstruct-1.20.1-3.11.2.166.jar
tconstruct:bloodshroom_button	wooden_buttons	burnt:wooden_buttons	tconstruct	TConstruct-1.20.1-3.11.2.166.jar
tconstruct:bloodshroom_pressure_plate	wooden_pressure_plates	burnt:wooden_pressure_plates	tconstruct	TConstruct-1.20.1-3.11.2.166.jar
tconstruct:earth_earth_slime_grass	plants_will_burn	burnt:plants_will_burn	tconstruct	TConstruct-1.20.1-3.11.2.166.jar
tconstruct:earth_ender_slime_grass	plants_will_burn	burnt:plants_will_burn	tconstruct	TConstruct-1.20.1-3.11.2.166.jar
tconstruct:earth_enderbark_roots	plants_will_burn	burnt:plants_will_burn	tconstruct	TConstruct-1.20.1-3.11.2.166.jar
tconstruct:earth_ichor_slime_grass	plants_will_burn	burnt:plants_will_burn	tconstruct	TConstruct-1.20.1-3.11.2.166.jar
tconstruct:earth_sky_slime_grass	plants_will_burn	burnt:plants_will_burn	tconstruct	TConstruct-1.20.1-3.11.2.166.jar
tconstruct:earth_slime_fern	plants_will_burn	burnt:plants_will_burn	tconstruct	TConstruct-1.20.1-3.11.2.166.jar
tconstruct:earth_slime_sapling	plants_will_burn	burnt:plants_will_burn	tconstruct	TConstruct-1.20.1-3.11.2.166.jar
tconstruct:earth_slime_tall_grass	plants_will_burn	burnt:plants_will_burn	tconstruct	TConstruct-1.20.1-3.11.2.166.jar
tconstruct:earth_vanilla_slime_grass	plants_will_burn	burnt:plants_will_burn	tconstruct	TConstruct-1.20.1-3.11.2.166.jar
tconstruct:ender_earth_slime_grass	plants_will_burn	burnt:plants_will_burn	tconstruct	TConstruct-1.20.1-3.11.2.166.jar
tconstruct:ender_ender_slime_grass	plants_will_burn	burnt:plants_will_burn	tconstruct	TConstruct-1.20.1-3.11.2.166.jar
tconstruct:ender_enderbark_roots	plants_will_burn	burnt:plants_will_burn	tconstruct	TConstruct-1.20.1-3.11.2.166.jar
tconstruct:ender_ichor_slime_grass	plants_will_burn	burnt:plants_will_burn	tconstruct	TConstruct-1.20.1-3.11.2.166.jar
tconstruct:ender_sky_slime_grass	plants_will_burn	burnt:plants_will_burn	tconstruct	TConstruct-1.20.1-3.11.2.166.jar
tconstruct:ender_slime_fern	plants_will_burn	burnt:plants_will_burn	tconstruct	TConstruct-1.20.1-3.11.2.166.jar
tconstruct:ender_slime_sapling	plants_will_burn	burnt:plants_will_burn	tconstruct	TConstruct-1.20.1-3.11.2.166.jar
tconstruct:ender_slime_tall_grass	plants_will_burn	burnt:plants_will_burn	tconstruct	TConstruct-1.20.1-3.11.2.166.jar
tconstruct:ender_slime_vine	plants_will_burn	burnt:plants_will_burn	tconstruct	TConstruct-1.20.1-3.11.2.166.jar
tconstruct:ender_vanilla_slime_grass	plants_will_burn	burnt:plants_will_burn	tconstruct	TConstruct-1.20.1-3.11.2.166.jar
tconstruct:enderbark_button	wooden_buttons	burnt:wooden_buttons	tconstruct	TConstruct-1.20.1-3.11.2.166.jar
tconstruct:enderbark_pressure_plate	wooden_pressure_plates	burnt:wooden_pressure_plates	tconstruct	TConstruct-1.20.1-3.11.2.166.jar
tconstruct:enderbark_roots	plants_will_burn	burnt:plants_will_burn	tconstruct	TConstruct-1.20.1-3.11.2.166.jar
tconstruct:greenheart_button	wooden_buttons	burnt:wooden_buttons	tconstruct	TConstruct-1.20.1-3.11.2.166.jar
tconstruct:greenheart_pressure_plate	wooden_pressure_plates	burnt:wooden_pressure_plates	tconstruct	TConstruct-1.20.1-3.11.2.166.jar
tconstruct:ichor_earth_slime_grass	plants_will_burn	burnt:plants_will_burn	tconstruct	TConstruct-1.20.1-3.11.2.166.jar
tconstruct:ichor_ender_slime_grass	plants_will_burn	burnt:plants_will_burn	tconstruct	TConstruct-1.20.1-3.11.2.166.jar
tconstruct:ichor_enderbark_roots	plants_will_burn	burnt:plants_will_burn	tconstruct	TConstruct-1.20.1-3.11.2.166.jar
tconstruct:ichor_ichor_slime_grass	plants_will_burn	burnt:plants_will_burn	tconstruct	TConstruct-1.20.1-3.11.2.166.jar
tconstruct:ichor_sky_slime_grass	plants_will_burn	burnt:plants_will_burn	tconstruct	TConstruct-1.20.1-3.11.2.166.jar
tconstruct:ichor_slime_fern	plants_will_burn	burnt:plants_will_burn	tconstruct	TConstruct-1.20.1-3.11.2.166.jar
tconstruct:ichor_slime_leaves	leaves	minecraft:leaves	tconstruct	TConstruct-1.20.1-3.11.2.166.jar
tconstruct:ichor_slime_sapling	plants_will_burn	burnt:plants_will_burn	tconstruct	TConstruct-1.20.1-3.11.2.166.jar
tconstruct:ichor_slime_tall_grass	plants_will_burn	burnt:plants_will_burn	tconstruct	TConstruct-1.20.1-3.11.2.166.jar
tconstruct:ichor_vanilla_slime_grass	plants_will_burn	burnt:plants_will_burn	tconstruct	TConstruct-1.20.1-3.11.2.166.jar
tconstruct:potted_blood_slime_fern	plants_will_burn	burnt:plants_will_burn	tconstruct	TConstruct-1.20.1-3.11.2.166.jar
tconstruct:potted_blood_slime_sapling	plants_will_burn	burnt:plants_will_burn	tconstruct	TConstruct-1.20.1-3.11.2.166.jar
tconstruct:potted_earth_slime_fern	plants_will_burn	burnt:plants_will_burn	tconstruct	TConstruct-1.20.1-3.11.2.166.jar
tconstruct:potted_earth_slime_sapling	plants_will_burn	burnt:plants_will_burn	tconstruct	TConstruct-1.20.1-3.11.2.166.jar
tconstruct:potted_ender_slime_fern	plants_will_burn	burnt:plants_will_burn	tconstruct	TConstruct-1.20.1-3.11.2.166.jar
tconstruct:potted_ender_slime_sapling	plants_will_burn	burnt:plants_will_burn	tconstruct	TConstruct-1.20.1-3.11.2.166.jar
tconstruct:potted_ichor_slime_fern	plants_will_burn	burnt:plants_will_burn	tconstruct	TConstruct-1.20.1-3.11.2.166.jar
tconstruct:potted_ichor_slime_sapling	plants_will_burn	burnt:plants_will_burn	tconstruct	TConstruct-1.20.1-3.11.2.166.jar
tconstruct:potted_sky_slime_fern	plants_will_burn	burnt:plants_will_burn	tconstruct	TConstruct-1.20.1-3.11.2.166.jar
tconstruct:potted_sky_slime_sapling	plants_will_burn	burnt:plants_will_burn	tconstruct	TConstruct-1.20.1-3.11.2.166.jar
tconstruct:sky_earth_slime_grass	plants_will_burn	burnt:plants_will_burn	tconstruct	TConstruct-1.20.1-3.11.2.166.jar
tconstruct:sky_ender_slime_grass	plants_will_burn	burnt:plants_will_burn	tconstruct	TConstruct-1.20.1-3.11.2.166.jar
tconstruct:sky_enderbark_roots	plants_will_burn	burnt:plants_will_burn	tconstruct	TConstruct-1.20.1-3.11.2.166.jar
tconstruct:sky_ichor_slime_grass	plants_will_burn	burnt:plants_will_burn	tconstruct	TConstruct-1.20.1-3.11.2.166.jar
tconstruct:sky_sky_slime_grass	plants_will_burn	burnt:plants_will_burn	tconstruct	TConstruct-1.20.1-3.11.2.166.jar
tconstruct:sky_slime_fern	plants_will_burn	burnt:plants_will_burn	tconstruct	TConstruct-1.20.1-3.11.2.166.jar
tconstruct:sky_slime_sapling	plants_will_burn	burnt:plants_will_burn	tconstruct	TConstruct-1.20.1-3.11.2.166.jar
tconstruct:sky_slime_tall_grass	plants_will_burn	burnt:plants_will_burn	tconstruct	TConstruct-1.20.1-3.11.2.166.jar
tconstruct:sky_slime_vine	plants_will_burn	burnt:plants_will_burn	tconstruct	TConstruct-1.20.1-3.11.2.166.jar
tconstruct:sky_vanilla_slime_grass	plants_will_burn	burnt:plants_will_burn	tconstruct	TConstruct-1.20.1-3.11.2.166.jar
tconstruct:skyroot_button	wooden_buttons	burnt:wooden_buttons	tconstruct	TConstruct-1.20.1-3.11.2.166.jar
tconstruct:skyroot_pressure_plate	wooden_pressure_plates	burnt:wooden_pressure_plates	tconstruct	TConstruct-1.20.1-3.11.2.166.jar
the_finley_dimension_remastered:ash_shrub	plants_will_burn	burnt:plants_will_burn	the_finley_dimension_remastered	the_finley_dimension_remastered-1.6.3-forge-1.20.1.jar
the_finley_dimension_remastered:ashen_button	wooden_buttons	burnt:wooden_buttons	the_finley_dimension_remastered	the_finley_dimension_remastered-1.6.3-forge-1.20.1.jar
the_finley_dimension_remastered:ashen_fence	wooden_fences	minecraft:wooden_fences	the_finley_dimension_remastered	the_finley_dimension_remastered-1.6.3-forge-1.20.1.jar
the_finley_dimension_remastered:ashen_fence_gate	fence_gates	minecraft:fence_gates	the_finley_dimension_remastered	the_finley_dimension_remastered-1.6.3-forge-1.20.1.jar
the_finley_dimension_remastered:ashen_planks	planks	minecraft:planks	the_finley_dimension_remastered	the_finley_dimension_remastered-1.6.3-forge-1.20.1.jar
the_finley_dimension_remastered:ashen_pressure_plate	wooden_pressure_plates	burnt:wooden_pressure_plates	the_finley_dimension_remastered	the_finley_dimension_remastered-1.6.3-forge-1.20.1.jar
the_finley_dimension_remastered:ashen_slab	wooden_slabs	minecraft:wooden_slabs	the_finley_dimension_remastered	the_finley_dimension_remastered-1.6.3-forge-1.20.1.jar
the_finley_dimension_remastered:ashen_stairs	wooden_stairs	minecraft:wooden_stairs	the_finley_dimension_remastered	the_finley_dimension_remastered-1.6.3-forge-1.20.1.jar
the_finley_dimension_remastered:blood_flower	plants_will_burn	burnt:plants_will_burn	the_finley_dimension_remastered	the_finley_dimension_remastered-1.6.3-forge-1.20.1.jar
the_finley_dimension_remastered:finley_flower	plants_will_burn	burnt:plants_will_burn	the_finley_dimension_remastered	the_finley_dimension_remastered-1.6.3-forge-1.20.1.jar
the_finley_dimension_remastered:finley_grass_block	plants_will_burn	burnt:plants_will_burn	the_finley_dimension_remastered	the_finley_dimension_remastered-1.6.3-forge-1.20.1.jar
the_finley_dimension_remastered:finley_grass_short	plants_will_burn	burnt:plants_will_burn	the_finley_dimension_remastered	the_finley_dimension_remastered-1.6.3-forge-1.20.1.jar
the_finley_dimension_remastered:finley_wood_button	wooden_buttons	burnt:wooden_buttons	the_finley_dimension_remastered	the_finley_dimension_remastered-1.6.3-forge-1.20.1.jar
the_finley_dimension_remastered:finley_wood_fence	wooden_fences	minecraft:wooden_fences	the_finley_dimension_remastered	the_finley_dimension_remastered-1.6.3-forge-1.20.1.jar
the_finley_dimension_remastered:finley_wood_fence_gate	fence_gates	minecraft:fence_gates	the_finley_dimension_remastered	the_finley_dimension_remastered-1.6.3-forge-1.20.1.jar
the_finley_dimension_remastered:finley_wood_planks	planks	minecraft:planks	the_finley_dimension_remastered	the_finley_dimension_remastered-1.6.3-forge-1.20.1.jar
the_finley_dimension_remastered:finley_wood_pressure_plate	wooden_pressure_plates	burnt:wooden_pressure_plates	the_finley_dimension_remastered	the_finley_dimension_remastered-1.6.3-forge-1.20.1.jar
the_finley_dimension_remastered:finley_wood_slab	wooden_slabs	minecraft:wooden_slabs	the_finley_dimension_remastered	the_finley_dimension_remastered-1.6.3-forge-1.20.1.jar
the_finley_dimension_remastered:finley_wood_stairs	wooden_stairs	minecraft:wooden_stairs	the_finley_dimension_remastered	the_finley_dimension_remastered-1.6.3-forge-1.20.1.jar
the_finley_dimension_remastered:living_grass	plants_will_burn	burnt:plants_will_burn	the_finley_dimension_remastered	the_finley_dimension_remastered-1.6.3-forge-1.20.1.jar
the_finley_dimension_remastered:living_grass_block	plants_will_burn	burnt:plants_will_burn	the_finley_dimension_remastered	the_finley_dimension_remastered-1.6.3-forge-1.20.1.jar
the_finley_dimension_remastered:living_wood_button	wooden_buttons	burnt:wooden_buttons	the_finley_dimension_remastered	the_finley_dimension_remastered-1.6.3-forge-1.20.1.jar
the_finley_dimension_remastered:living_wood_fence	wooden_fences	minecraft:wooden_fences	the_finley_dimension_remastered	the_finley_dimension_remastered-1.6.3-forge-1.20.1.jar
the_finley_dimension_remastered:living_wood_fence_gate	fence_gates	minecraft:fence_gates	the_finley_dimension_remastered	the_finley_dimension_remastered-1.6.3-forge-1.20.1.jar
the_finley_dimension_remastered:living_wood_planks	planks	minecraft:planks	the_finley_dimension_remastered	the_finley_dimension_remastered-1.6.3-forge-1.20.1.jar
the_finley_dimension_remastered:living_wood_pressure_plate	wooden_pressure_plates	burnt:wooden_pressure_plates	the_finley_dimension_remastered	the_finley_dimension_remastered-1.6.3-forge-1.20.1.jar
the_finley_dimension_remastered:living_wood_slab	wooden_slabs	minecraft:wooden_slabs	the_finley_dimension_remastered	the_finley_dimension_remastered-1.6.3-forge-1.20.1.jar
the_finley_dimension_remastered:living_wood_stairs	wooden_stairs	minecraft:wooden_stairs	the_finley_dimension_remastered	the_finley_dimension_remastered-1.6.3-forge-1.20.1.jar
the_flesh_that_hates:flesh_foliage	leaves	minecraft:leaves	the_flesh_that_hates	TFTH 1.1b.jar
the_flesh_that_hates:flesh_grass	plants_will_burn	burnt:plants_will_burn	the_flesh_that_hates	TFTH 1.1b.jar
the_flesh_that_hates:flesh_sapling	plants_will_burn	burnt:plants_will_burn	the_flesh_that_hates	TFTH 1.1b.jar
the_flesh_that_hates:flesh_small_grass	plants_will_burn	burnt:plants_will_burn	the_flesh_that_hates	TFTH 1.1b.jar
the_flesh_that_hates:flesh_spike_grass	plants_will_burn	burnt:plants_will_burn	the_flesh_that_hates	TFTH 1.1b.jar
twilightforest:canopy_button	wooden_buttons	burnt:wooden_buttons	twilightforest	twilightforest-1.20.1-4.3.2508-universal.jar
twilightforest:canopy_pressure_plate	wooden_pressure_plates	burnt:wooden_pressure_plates	twilightforest	twilightforest-1.20.1-4.3.2508-universal.jar
twilightforest:canopy_sapling	plants_will_burn	burnt:plants_will_burn	twilightforest	twilightforest-1.20.1-4.3.2508-universal.jar
twilightforest:cinder_log	logs_that_burn	minecraft:logs_that_burn,minecraft:logs	twilightforest	twilightforest-1.20.1-4.3.2508-universal.jar
twilightforest:cinder_wood	logs_that_burn	minecraft:logs_that_burn,minecraft:logs	twilightforest	twilightforest-1.20.1-4.3.2508-universal.jar
twilightforest:clover_patch	plants_will_burn	burnt:plants_will_burn	twilightforest	twilightforest-1.20.1-4.3.2508-universal.jar
twilightforest:dark_button	wooden_buttons	burnt:wooden_buttons	twilightforest	twilightforest-1.20.1-4.3.2508-universal.jar
twilightforest:dark_pressure_plate	wooden_pressure_plates	burnt:wooden_pressure_plates	twilightforest	twilightforest-1.20.1-4.3.2508-universal.jar
twilightforest:darkwood_sapling	plants_will_burn	burnt:plants_will_burn	twilightforest	twilightforest-1.20.1-4.3.2508-universal.jar
twilightforest:fallen_leaves	leaves	minecraft:leaves	twilightforest	twilightforest-1.20.1-4.3.2508-universal.jar
twilightforest:giant_leaves	leaves	minecraft:leaves	twilightforest	twilightforest-1.20.1-4.3.2508-universal.jar
twilightforest:giant_log	logs_that_burn	minecraft:logs_that_burn,minecraft:logs	twilightforest	twilightforest-1.20.1-4.3.2508-universal.jar
twilightforest:hardened_dark_leaves	leaves	minecraft:leaves	twilightforest	twilightforest-1.20.1-4.3.2508-universal.jar
twilightforest:hollow_oak_sapling	plants_will_burn	burnt:plants_will_burn	twilightforest	twilightforest-1.20.1-4.3.2508-universal.jar
twilightforest:huge_lily_pad	plants_will_burn	burnt:plants_will_burn	twilightforest	twilightforest-1.20.1-4.3.2508-universal.jar
twilightforest:huge_mushgloom_stem	logs_that_burn	minecraft:logs_that_burn,minecraft:logs	twilightforest	twilightforest-1.20.1-4.3.2508-universal.jar
twilightforest:huge_water_lily	plants_will_burn	burnt:plants_will_burn	twilightforest	twilightforest-1.20.1-4.3.2508-universal.jar
twilightforest:mangrove_button	wooden_buttons	burnt:wooden_buttons	twilightforest	twilightforest-1.20.1-4.3.2508-universal.jar
twilightforest:mangrove_pressure_plate	wooden_pressure_plates	burnt:wooden_pressure_plates	twilightforest	twilightforest-1.20.1-4.3.2508-universal.jar
twilightforest:mangrove_sapling	plants_will_burn	burnt:plants_will_burn	twilightforest	twilightforest-1.20.1-4.3.2508-universal.jar
twilightforest:mining_button	wooden_buttons	burnt:wooden_buttons	twilightforest	twilightforest-1.20.1-4.3.2508-universal.jar
twilightforest:mining_pressure_plate	wooden_pressure_plates	burnt:wooden_pressure_plates	twilightforest	twilightforest-1.20.1-4.3.2508-universal.jar
twilightforest:mining_sapling	plants_will_burn	burnt:plants_will_burn	twilightforest	twilightforest-1.20.1-4.3.2508-universal.jar
twilightforest:moss_patch	plants_will_burn	burnt:plants_will_burn	twilightforest	twilightforest-1.20.1-4.3.2508-universal.jar
twilightforest:potted_canopy_sapling	plants_will_burn	burnt:plants_will_burn	twilightforest	twilightforest-1.20.1-4.3.2508-universal.jar
twilightforest:potted_darkwood_sapling	plants_will_burn	burnt:plants_will_burn	twilightforest	twilightforest-1.20.1-4.3.2508-universal.jar
twilightforest:potted_hollow_oak_sapling	plants_will_burn	burnt:plants_will_burn	twilightforest	twilightforest-1.20.1-4.3.2508-universal.jar
twilightforest:potted_mangrove_sapling	plants_will_burn	burnt:plants_will_burn	twilightforest	twilightforest-1.20.1-4.3.2508-universal.jar
twilightforest:potted_mining_sapling	plants_will_burn	burnt:plants_will_burn	twilightforest	twilightforest-1.20.1-4.3.2508-universal.jar
twilightforest:potted_rainbow_oak_sapling	plants_will_burn	burnt:plants_will_burn	twilightforest	twilightforest-1.20.1-4.3.2508-universal.jar
twilightforest:potted_sorting_sapling	plants_will_burn	burnt:plants_will_burn	twilightforest	twilightforest-1.20.1-4.3.2508-universal.jar
twilightforest:potted_time_sapling	plants_will_burn	burnt:plants_will_burn	twilightforest	twilightforest-1.20.1-4.3.2508-universal.jar
twilightforest:potted_transformation_sapling	plants_will_burn	burnt:plants_will_burn	twilightforest	twilightforest-1.20.1-4.3.2508-universal.jar
twilightforest:potted_twilight_oak_sapling	plants_will_burn	burnt:plants_will_burn	twilightforest	twilightforest-1.20.1-4.3.2508-universal.jar
twilightforest:rainbow_oak_sapling	plants_will_burn	burnt:plants_will_burn	twilightforest	twilightforest-1.20.1-4.3.2508-universal.jar
twilightforest:sorting_sapling	plants_will_burn	burnt:plants_will_burn	twilightforest	twilightforest-1.20.1-4.3.2508-universal.jar
twilightforest:time_button	wooden_buttons	burnt:wooden_buttons	twilightforest	twilightforest-1.20.1-4.3.2508-universal.jar
twilightforest:time_pressure_plate	wooden_pressure_plates	burnt:wooden_pressure_plates	twilightforest	twilightforest-1.20.1-4.3.2508-universal.jar
twilightforest:time_sapling	plants_will_burn	burnt:plants_will_burn	twilightforest	twilightforest-1.20.1-4.3.2508-universal.jar
twilightforest:transformation_button	wooden_buttons	burnt:wooden_buttons	twilightforest	twilightforest-1.20.1-4.3.2508-universal.jar
twilightforest:transformation_pressure_plate	wooden_pressure_plates	burnt:wooden_pressure_plates	twilightforest	twilightforest-1.20.1-4.3.2508-universal.jar
twilightforest:transformation_sapling	plants_will_burn	burnt:plants_will_burn	twilightforest	twilightforest-1.20.1-4.3.2508-universal.jar
twilightforest:twilight_oak_button	wooden_buttons	burnt:wooden_buttons	twilightforest	twilightforest-1.20.1-4.3.2508-universal.jar
twilightforest:twilight_oak_pressure_plate	wooden_pressure_plates	burnt:wooden_pressure_plates	twilightforest	twilightforest-1.20.1-4.3.2508-universal.jar
twilightforest:twilight_oak_sapling	plants_will_burn	burnt:plants_will_burn	twilightforest	twilightforest-1.20.1-4.3.2508-universal.jar
undergarden:blisterberry_bush	crops	minecraft:crops,burnt:plants_will_burn	undergarden	The_Undergarden-1.20.1-0.8.14.jar
undergarden:blood_mushroom	plants_will_burn	burnt:plants_will_burn	undergarden	The_Undergarden-1.20.1-0.8.14.jar
undergarden:blood_mushroom_stem	logs_that_burn	minecraft:logs_that_burn,minecraft:logs	undergarden	The_Undergarden-1.20.1-0.8.14.jar
undergarden:grongle_button	wooden_buttons	burnt:wooden_buttons	undergarden	The_Undergarden-1.20.1-0.8.14.jar
undergarden:grongle_pressure_plate	wooden_pressure_plates	burnt:wooden_pressure_plates	undergarden	The_Undergarden-1.20.1-0.8.14.jar
undergarden:grongle_sapling	plants_will_burn	burnt:plants_will_burn	undergarden	The_Undergarden-1.20.1-0.8.14.jar
undergarden:hanging_grongle_leaves	leaves	minecraft:leaves	undergarden	The_Undergarden-1.20.1-0.8.14.jar
undergarden:indigo_mushroom	plants_will_burn	burnt:plants_will_burn	undergarden	The_Undergarden-1.20.1-0.8.14.jar
undergarden:indigo_mushroom_stem	logs_that_burn	minecraft:logs_that_burn,minecraft:logs	undergarden	The_Undergarden-1.20.1-0.8.14.jar
undergarden:ink_mushroom	plants_will_burn	burnt:plants_will_burn	undergarden	The_Undergarden-1.20.1-0.8.14.jar
undergarden:ink_mushroom_stem	logs_that_burn	minecraft:logs_that_burn,minecraft:logs	undergarden	The_Undergarden-1.20.1-0.8.14.jar
undergarden:potted_blood_mushroom	plants_will_burn	burnt:plants_will_burn	undergarden	The_Undergarden-1.20.1-0.8.14.jar
undergarden:potted_grongle_sapling	plants_will_burn	burnt:plants_will_burn	undergarden	The_Undergarden-1.20.1-0.8.14.jar
undergarden:potted_indigo_mushroom	plants_will_burn	burnt:plants_will_burn	undergarden	The_Undergarden-1.20.1-0.8.14.jar
undergarden:potted_ink_mushroom	plants_will_burn	burnt:plants_will_burn	undergarden	The_Undergarden-1.20.1-0.8.14.jar
undergarden:potted_smogstem_sapling	plants_will_burn	burnt:plants_will_burn	undergarden	The_Undergarden-1.20.1-0.8.14.jar
undergarden:potted_veil_mushroom	plants_will_burn	burnt:plants_will_burn	undergarden	The_Undergarden-1.20.1-0.8.14.jar
undergarden:potted_wigglewood_sapling	plants_will_burn	burnt:plants_will_burn	undergarden	The_Undergarden-1.20.1-0.8.14.jar
undergarden:smogstem_button	wooden_buttons	burnt:wooden_buttons	undergarden	The_Undergarden-1.20.1-0.8.14.jar
undergarden:smogstem_pressure_plate	wooden_pressure_plates	burnt:wooden_pressure_plates	undergarden	The_Undergarden-1.20.1-0.8.14.jar
undergarden:smogstem_sapling	plants_will_burn	burnt:plants_will_burn	undergarden	The_Undergarden-1.20.1-0.8.14.jar
undergarden:underbean_bush	crops	minecraft:crops,burnt:plants_will_burn	undergarden	The_Undergarden-1.20.1-0.8.14.jar
undergarden:veil_mushroom	plants_will_burn	burnt:plants_will_burn	undergarden	The_Undergarden-1.20.1-0.8.14.jar
undergarden:veil_mushroom_stem	logs_that_burn	minecraft:logs_that_burn,minecraft:logs	undergarden	The_Undergarden-1.20.1-0.8.14.jar
undergarden:wigglewood_button	wooden_buttons	burnt:wooden_buttons	undergarden	The_Undergarden-1.20.1-0.8.14.jar
undergarden:wigglewood_pressure_plate	wooden_pressure_plates	burnt:wooden_pressure_plates	undergarden	The_Undergarden-1.20.1-0.8.14.jar
undergarden:wigglewood_sapling	plants_will_burn	burnt:plants_will_burn	undergarden	The_Undergarden-1.20.1-0.8.14.jar
